booking_id,guest_id,room_id,checkin_date,checkout_date,total_price,payment_status,rating
1,227,84,2025-06-05,2025-06-10,1253.3,Completed,
2,276,35,2024-03-04,2024-03-13,3399.3,Completed,
3,316,95,2024-10-20,2024-10-30,1317.8,Completed,
4,272,29,2025-02-11,2025-02-22,1777.16,Completed,
5,170,92,2025-06-29,2025-07-07,1382.56,Completed,1.0
6,282,21,2024-11-04,2024-11-11,701.4,Completed,4.0
7,245,84,2024-07-20,2024-07-24,1002.64,Completed,
8,147,83,2025-06-28,2025-06-29,494.55,Completed,
9,294,30,2025-05-02,2025-05-11,1341.9,Completed,1.0
10,90,54,2025-07-10,2025-07-24,1982.68,Completed,4.0
11,254,24,2023-11-25,2023-12-07,705.12,Cancelled,1.0
12,5,39,2025-09-18,2025-09-28,2666.1,Completed,3.0
13,146,59,2025-09-03,2025-09-14,757.02,Completed,2.0
14,259,60,2024-12-18,2024-12-23,1750.6,Completed,
15,84,94,2024-03-29,2024-04-06,2530.8,Completed,1.0
16,378,44,2024-10-14,2024-10-27,1118.65,Completed,2.0
17,90,79,2025-02-05,2025-02-19,6053.32,Completed,4.0
18,264,42,2025-03-03,2025-03-05,621.26,Completed,
19,72,62,2024-01-06,2024-01-12,2288.7,Completed,
20,197,31,2024-05-17,2024-05-25,3494.72,Completed,3.0
21,299,93,2024-07-15,2024-07-25,4282.3,Pending,2.0
22,32,86,2024-06-19,2024-06-21,495.88,Completed,
23,352,65,2025-10-23,2025-11-04,4164.12,Completed,3.0
24,189,79,2024-05-25,2024-05-29,1729.52,Completed,
25,79,59,2025-05-18,2025-05-30,825.84,Cancelled,
26,360,71,2024-08-07,2024-08-15,3815.92,Completed,2.0
27,391,32,2025-01-25,2025-02-05,3219.26,Completed,1.0
28,270,58,2024-03-09,2024-03-18,595.89,Completed,
29,289,15,2024-03-17,2024-03-18,228.03,Completed,2.0
30,294,69,2024-08-02,2024-08-05,1364.34,Completed,4.0
31,60,88,2024-06-04,2024-06-08,1471.56,Completed,5.0
32,229,8,2024-03-23,2024-03-31,3587.6,Completed,5.0
33,30,72,2025-01-05,2025-01-13,2225.68,Completed,
34,12,51,2025-05-01,2025-05-06,604.95,Completed,5.0
35,38,6,2024-04-14,2024-04-21,654.64,Completed,
36,31,9,2025-09-10,2025-09-18,3183.04,Pending,2.0
37,393,83,2024-05-28,2024-06-09,5934.6,Completed,4.0
38,230,49,2024-08-08,2024-08-15,2306.64,Pending,5.0
39,69,84,2024-12-10,2024-12-24,3509.24,Completed,
40,276,51,2024-05-25,2024-06-03,1088.91,Completed,1.0
41,388,3,2024-02-26,2024-03-02,697.4,Completed,4.0
42,273,49,2025-10-28,2025-11-11,4613.28,Completed,2.0
43,142,25,2024-10-18,2024-10-30,5341.2,Completed,
44,339,54,2024-01-01,2024-01-11,1416.2,Completed,1.0
45,124,27,2025-02-03,2025-02-05,574.9,Completed,
46,307,87,2024-04-06,2024-04-18,5422.32,Completed,
47,23,52,2024-08-07,2024-08-15,1477.76,Completed,
48,398,8,2025-03-11,2025-03-14,1345.35,Completed,
49,375,74,2023-12-09,2023-12-15,1779.42,Completed,3.0
50,122,39,2025-11-06,2025-11-09,799.83,Cancelled,4.0
51,154,36,2025-03-02,2025-03-03,291.33,Completed,2.0
52,321,87,2025-03-12,2025-03-19,3163.02,Completed,
53,177,83,2024-02-13,2024-02-24,5440.05,Completed,4.0
54,210,20,2025-02-23,2025-02-28,2186.75,Completed,4.0
55,124,29,2025-04-27,2025-05-02,807.8,Completed,
56,238,8,2024-07-17,2024-07-26,4036.05,Completed,5.0
57,69,50,2024-03-01,2024-03-05,677.36,Completed,
58,41,58,2025-04-23,2025-05-07,926.94,Completed,2.0
59,27,35,2024-11-09,2024-11-16,2643.9,Completed,1.0
60,97,98,2024-03-29,2024-04-08,4015.5,Completed,4.0
61,107,43,2025-09-07,2025-09-12,1322.75,Cancelled,
62,98,95,2025-03-13,2025-03-15,263.56,Completed,2.0
63,357,78,2024-12-23,2025-01-04,4955.4,Completed,5.0
64,165,100,2025-05-23,2025-05-28,1823.8,Completed,3.0
65,158,34,2024-06-22,2024-06-28,1256.58,Completed,1.0
66,370,61,2025-02-09,2025-02-22,5707.91,Completed,3.0
67,161,53,2025-03-11,2025-03-12,384.09,Completed,
68,75,3,2025-07-20,2025-07-25,697.4,Completed,4.0
69,152,20,2025-04-30,2025-05-04,1749.4,Completed,
70,126,64,2025-06-10,2025-06-19,3757.14,Completed,3.0
71,391,63,2025-09-18,2025-09-30,4851.84,Completed,2.0
72,376,46,2025-07-14,2025-07-17,260.67,Completed,2.0
73,278,83,2025-07-08,2025-07-09,494.55,Completed,1.0
74,343,7,2025-09-07,2025-09-20,3786.9,Pending,
75,323,30,2024-06-30,2024-07-02,298.2,Completed,
76,259,59,2025-02-03,2025-02-09,412.92,Pending,5.0
77,248,85,2025-07-08,2025-07-16,3423.52,Pending,4.0
78,7,3,2024-05-15,2024-05-24,1255.32,Completed,3.0
79,9,65,2024-11-14,2024-11-28,4858.14,Completed,2.0
80,55,13,2025-06-24,2025-07-03,3863.52,Completed,
81,270,33,2025-09-19,2025-10-03,5643.12,Completed,1.0
82,192,52,2024-12-20,2024-12-28,1477.76,Completed,2.0
83,154,88,2024-01-25,2024-02-08,5150.46,Completed,1.0
84,48,52,2024-07-12,2024-07-19,1293.04,Completed,1.0
85,360,22,2024-03-08,2024-03-10,785.76,Completed,3.0
86,290,13,2024-02-28,2024-03-08,3863.52,Completed,
87,355,73,2025-08-25,2025-09-02,858.24,Completed,3.0
88,279,73,2024-06-24,2024-07-05,1180.08,Pending,3.0
89,9,27,2024-11-27,2024-12-07,2874.5,Completed,4.0
90,40,39,2025-02-04,2025-02-07,799.83,Completed,4.0
91,347,70,2024-12-06,2024-12-12,2799.06,Completed,1.0
92,257,96,2024-06-26,2024-07-02,1211.28,Pending,1.0
93,175,78,2024-08-25,2024-09-07,5368.35,Completed,3.0
94,16,82,2024-08-18,2024-08-23,810.7,Completed,2.0
95,183,71,2024-08-02,2024-08-09,3338.93,Completed,4.0
96,44,99,2024-11-05,2024-11-15,3296.0,Completed,
97,38,11,2025-04-08,2025-04-13,1757.9,Completed,2.0
98,379,50,2025-09-28,2025-10-04,1016.04,Completed,
99,158,57,2025-09-02,2025-09-08,2205.3,Completed,
100,45,24,2025-03-14,2025-03-21,411.32,Completed,4.0
101,53,4,2024-07-19,2024-07-21,630.34,Completed,
102,307,42,2024-05-27,2024-06-10,4348.82,Completed,
103,199,100,2025-11-14,2025-11-16,729.52,Completed,2.0
104,293,67,2023-12-29,2024-01-01,1334.01,Completed,
105,138,39,2024-09-17,2024-09-22,1333.05,Completed,
106,223,36,2024-06-21,2024-06-28,2039.31,Completed,3.0
107,129,32,2023-12-18,2023-12-30,3511.92,Completed,2.0
108,235,14,2025-08-08,2025-08-11,511.44,Completed,3.0
109,318,49,2025-10-30,2025-11-12,4283.76,Completed,4.0
110,334,77,2024-10-03,2024-10-06,1046.19,Completed,2.0
111,246,41,2024-04-20,2024-04-23,1043.52,Cancelled,3.0
112,377,89,2025-05-16,2025-05-27,858.22,Completed,2.0
113,167,49,2025-04-16,2025-04-21,1647.6,Completed,
114,59,73,2025-10-05,2025-10-09,429.12,Completed,5.0
115,14,94,2025-06-30,2025-07-08,2530.8,Completed,
116,150,89,2025-06-01,2025-06-03,156.04,Completed,4.0
117,345,64,2025-03-23,2025-03-26,1252.38,Completed,
118,338,20,2024-08-26,2024-09-07,5248.2,Completed,
119,230,77,2024-03-15,2024-03-23,2789.84,Completed,4.0
120,279,5,2024-11-29,2024-12-12,2275.52,Cancelled,5.0
121,305,82,2025-11-05,2025-11-07,324.28,Completed,
122,341,46,2024-03-12,2024-03-15,260.67,Completed,
123,331,87,2025-11-09,2025-11-20,4970.46,Completed,4.0
124,55,2,2025-03-07,2025-03-09,479.72,Completed,5.0
125,286,75,2024-06-28,2024-07-10,3876.0,Completed,4.0
126,238,99,2024-12-10,2024-12-21,3625.6,Completed,3.0
127,13,62,2024-08-23,2024-08-25,762.9,Completed,1.0
128,60,94,2024-04-14,2024-04-17,949.05,Completed,
129,106,67,2024-08-22,2024-08-30,3557.36,Completed,
130,370,90,2023-11-24,2023-12-02,1769.36,Completed,
131,364,15,2024-01-25,2024-01-26,228.03,Completed,2.0
132,380,32,2025-01-07,2025-01-16,2633.94,Completed,
133,287,55,2024-11-21,2024-11-29,3659.2,Completed,2.0
134,96,82,2025-07-02,2025-07-13,1783.54,Completed,
135,315,26,2024-04-03,2024-04-11,3157.04,Completed,
136,361,28,2024-08-12,2024-08-16,918.2,Completed,1.0
137,296,14,2024-08-31,2024-09-13,2216.24,Completed,
138,167,26,2023-12-15,2023-12-23,3157.04,Completed,4.0
139,271,82,2025-04-24,2025-04-30,972.84,Completed,5.0
140,59,45,2024-12-01,2024-12-07,623.7,Completed,3.0
141,315,76,2025-05-26,2025-05-28,525.86,Completed,
142,123,40,2025-07-28,2025-07-30,986.78,Completed,5.0
143,199,54,2025-02-19,2025-03-01,1416.2,Completed,
144,96,63,2025-01-22,2025-02-02,4447.52,Completed,2.0
145,285,22,2024-03-21,2024-03-29,3143.04,Completed,
146,231,80,2024-07-15,2024-07-16,272.47,Completed,4.0
147,70,25,2024-03-30,2024-04-13,6231.4,Completed,4.0
148,210,88,2025-03-21,2025-03-29,2943.12,Completed,4.0
149,86,11,2025-08-05,2025-08-15,3515.8,Pending,3.0
150,17,36,2025-05-10,2025-05-14,1165.32,Completed,
151,235,73,2024-01-29,2024-02-10,1287.36,Completed,5.0
152,58,74,2024-04-29,2024-05-01,593.14,Completed,3.0
153,278,97,2023-12-05,2023-12-06,261.64,Completed,2.0
154,218,14,2024-03-28,2024-04-09,2045.76,Completed,3.0
155,17,58,2024-07-05,2024-07-10,331.05,Completed,4.0
156,61,100,2024-12-11,2024-12-24,4741.88,Completed,5.0
157,353,45,2024-02-04,2024-02-18,1455.3,Completed,2.0
158,316,18,2024-05-19,2024-06-01,5071.3,Completed,
159,31,73,2025-04-28,2025-05-04,643.68,Completed,2.0
160,166,91,2024-10-01,2024-10-06,1461.0,Completed,
161,264,87,2025-06-15,2025-06-29,6326.04,Pending,4.0
162,31,36,2025-09-02,2025-09-16,4078.62,Completed,2.0
163,128,19,2023-12-05,2023-12-17,943.08,Completed,
164,347,51,2024-04-07,2024-04-15,967.92,Completed,4.0
165,193,58,2024-02-03,2024-02-05,132.42,Completed,1.0
166,207,66,2024-06-29,2024-07-11,4064.04,Completed,3.0
167,233,63,2024-04-27,2024-05-03,2425.92,Completed,1.0
168,375,59,2024-10-06,2024-10-17,757.02,Completed,
169,33,69,2025-06-13,2025-06-20,3183.46,Completed,2.0
170,254,35,2025-10-03,2025-10-09,2266.2,Completed,
171,296,17,2024-09-20,2024-09-30,2297.3,Completed,1.0
172,24,13,2025-06-10,2025-06-21,4722.08,Completed,1.0
173,81,57,2025-01-24,2025-02-01,2940.4,Pending,2.0
174,353,17,2025-03-13,2025-03-24,2527.03,Completed,3.0
175,48,84,2025-08-13,2025-08-19,1503.96,Completed,
176,333,22,2024-06-07,2024-06-08,392.88,Completed,
177,359,97,2024-12-14,2024-12-18,1046.56,Completed,
178,49,1,2025-05-22,2025-05-26,640.8,Completed,
179,116,67,2024-04-10,2024-04-21,4891.37,Completed,
180,176,16,2025-11-10,2025-11-24,2253.72,Completed,
181,37,30,2024-04-23,2024-04-30,1043.7,Pending,1.0
182,161,48,2024-05-12,2024-05-17,1761.3,Completed,2.0
183,329,87,2023-12-17,2023-12-20,1355.58,Pending,5.0
184,333,22,2023-12-10,2023-12-18,3143.04,Completed,
185,384,20,2024-11-26,2024-12-03,3061.45,Completed,2.0
186,45,13,2024-07-07,2024-07-10,1287.84,Completed,4.0
187,180,55,2024-08-30,2024-09-05,2744.4,Completed,
188,331,11,2023-12-14,2023-12-18,1406.32,Completed,5.0
189,146,100,2024-11-03,2024-11-15,4377.12,Pending,3.0
190,106,67,2025-04-07,2025-04-17,4446.7,Completed,3.0
191,331,7,2024-03-09,2024-03-22,3786.9,Completed,4.0
192,198,15,2025-03-27,2025-03-31,912.12,Completed,5.0
193,7,47,2024-07-31,2024-08-06,851.52,Completed,5.0
194,216,47,2025-01-05,2025-01-14,1277.28,Completed,1.0
195,9,76,2025-08-01,2025-08-03,525.86,Pending,
196,31,51,2024-04-25,2024-05-04,1088.91,Completed,4.0
197,217,90,2025-09-10,2025-09-17,1548.19,Pending,5.0
198,79,36,2025-01-16,2025-01-18,582.66,Completed,2.0
199,80,69,2025-07-04,2025-07-10,2728.68,Completed,1.0
200,159,90,2023-12-07,2023-12-14,1548.19,Completed,1.0
201,126,12,2024-09-10,2024-09-17,2646.77,Completed,1.0
202,159,86,2025-05-21,2025-06-02,2975.28,Completed,
203,7,91,2025-10-14,2025-10-17,876.6,Completed,
204,178,67,2025-06-22,2025-07-01,4002.03,Completed,2.0
205,191,17,2025-05-24,2025-06-05,2756.76,Completed,
206,61,99,2024-09-17,2024-09-18,329.6,Completed,5.0
207,33,34,2025-06-07,2025-06-19,2513.16,Cancelled,4.0
208,234,66,2025-08-07,2025-08-13,2032.02,Pending,2.0
209,189,21,2024-08-18,2024-08-23,501.0,Completed,1.0
210,117,95,2024-08-09,2024-08-18,1186.02,Pending,1.0
211,126,6,2024-08-20,2024-08-28,748.16,Completed,2.0
212,19,71,2025-04-21,2025-05-04,6200.87,Completed,4.0
213,115,42,2024-10-23,2024-10-27,1242.52,Completed,3.0
214,40,74,2023-12-22,2023-12-28,1779.42,Completed,1.0
215,92,29,2025-10-03,2025-10-16,2100.28,Completed,
216,206,9,2024-08-26,2024-09-03,3183.04,Completed,3.0
217,168,12,2024-11-01,2024-11-10,3402.99,Completed,
218,150,73,2025-07-17,2025-07-30,1394.64,Completed,4.0
219,189,76,2024-10-19,2024-10-27,2103.44,Cancelled,5.0
220,390,32,2024-01-23,2024-01-26,877.98,Pending,2.0
221,278,45,2024-04-23,2024-05-04,1143.45,Completed,3.0
222,1,98,2024-05-30,2024-06-10,4417.05,Completed,3.0
223,54,27,2024-10-09,2024-10-18,2587.05,Cancelled,1.0
224,73,92,2024-01-23,2024-01-28,864.1,Pending,5.0
225,212,90,2024-10-27,2024-11-02,1327.02,Completed,5.0
226,49,65,2025-02-17,2025-02-20,1041.03,Completed,
227,304,73,2025-03-27,2025-03-28,107.28,Completed,2.0
228,150,34,2025-08-22,2025-09-05,2932.02,Completed,3.0
229,163,58,2025-09-05,2025-09-10,331.05,Completed,2.0
230,400,99,2025-07-05,2025-07-15,3296.0,Completed,
231,231,60,2025-04-24,2025-04-30,2100.72,Completed,2.0
232,232,40,2023-12-22,2023-12-30,3947.12,Completed,
233,81,88,2024-01-26,2024-01-31,1839.45,Completed,1.0
234,111,42,2025-09-12,2025-09-15,931.89,Pending,
235,183,51,2024-01-12,2024-01-21,1088.91,Pending,
236,90,4,2024-02-18,2024-02-25,2206.19,Completed,5.0
237,128,13,2025-01-27,2025-02-04,3434.24,Completed,1.0
238,7,8,2025-05-17,2025-05-31,6278.3,Completed,
239,102,52,2024-08-04,2024-08-10,1108.32,Completed,1.0
240,299,76,2025-01-19,2025-01-24,1314.65,Completed,
241,34,26,2025-11-10,2025-11-21,4340.93,Completed,
242,170,16,2025-06-14,2025-06-15,160.98,Completed,
243,294,56,2025-05-31,2025-06-14,722.4,Completed,4.0
244,350,55,2025-10-31,2025-11-03,1372.2,Completed,3.0
245,144,58,2024-01-23,2024-01-26,198.63,Pending,2.0
246,332,38,2024-05-14,2024-05-22,3409.68,Completed,1.0
247,45,36,2025-05-26,2025-06-02,2039.31,Completed,
248,270,32,2025-06-26,2025-07-07,3219.26,Cancelled,1.0
249,196,92,2025-07-20,2025-07-26,1036.92,Completed,3.0
250,290,65,2024-08-05,2024-08-11,2082.06,Completed,
251,164,77,2024-11-23,2024-11-27,1394.92,Pending,3.0
252,30,61,2024-02-19,2024-02-28,3951.63,Completed,2.0
253,82,13,2024-07-20,2024-07-24,1717.12,Completed,
254,378,8,2024-12-07,2024-12-20,5829.85,Cancelled,
255,199,46,2024-12-01,2024-12-15,1216.46,Cancelled,
256,122,76,2025-05-16,2025-05-22,1577.58,Completed,5.0
257,15,91,2025-02-18,2025-03-02,3506.4,Completed,2.0
258,289,25,2025-10-05,2025-10-19,6231.4,Cancelled,4.0
259,278,40,2025-10-11,2025-10-14,1480.17,Completed,
260,120,78,2024-12-13,2024-12-17,1651.8,Pending,3.0
261,315,26,2025-05-16,2025-05-29,5130.19,Completed,3.0
262,31,3,2025-10-15,2025-10-18,418.44,Completed,1.0
263,270,47,2024-10-28,2024-10-30,283.84,Completed,4.0
264,301,13,2025-10-30,2025-11-05,2575.68,Completed,
265,81,94,2024-03-03,2024-03-10,2214.45,Completed,3.0
266,90,91,2024-03-03,2024-03-12,2629.8,Completed,3.0
267,115,86,2025-09-04,2025-09-14,2479.4,Completed,
268,376,89,2024-10-08,2024-10-13,390.1,Completed,5.0
269,201,99,2024-03-18,2024-03-28,3296.0,Pending,5.0
270,114,82,2024-08-14,2024-08-24,1621.4,Completed,3.0
271,382,10,2024-09-13,2024-09-17,1016.12,Completed,
272,326,12,2024-09-27,2024-10-11,5293.54,Completed,3.0
273,229,2,2025-10-04,2025-10-09,1199.3,Completed,3.0
274,132,14,2025-10-07,2025-10-19,2045.76,Pending,
275,376,54,2025-05-19,2025-05-22,424.86,Completed,4.0
276,180,70,2025-05-12,2025-05-19,3265.57,Completed,5.0
277,334,98,2024-10-14,2024-10-25,4417.05,Completed,1.0
278,151,3,2025-08-10,2025-08-16,836.88,Completed,
279,176,22,2025-10-04,2025-10-11,2750.16,Completed,
280,48,44,2023-11-19,2023-11-29,860.5,Cancelled,1.0
281,221,84,2025-06-01,2025-06-04,751.98,Completed,1.0
282,52,43,2025-05-16,2025-05-20,1058.2,Cancelled,5.0
283,370,94,2024-10-14,2024-10-23,2847.15,Completed,
284,122,13,2025-07-28,2025-07-29,429.28,Completed,4.0
285,79,7,2025-04-19,2025-04-25,1747.8,Pending,
286,339,81,2025-02-12,2025-02-22,1291.5,Completed,
287,106,22,2025-04-22,2025-05-03,4321.68,Completed,
288,60,40,2024-09-10,2024-09-23,6414.07,Completed,3.0
289,47,83,2024-07-22,2024-07-31,4450.95,Completed,
290,196,48,2024-11-07,2024-11-10,1056.78,Completed,
291,239,34,2024-01-24,2024-01-28,837.72,Completed,2.0
292,386,90,2024-06-25,2024-07-06,2432.87,Pending,5.0
293,212,97,2024-03-30,2024-04-09,2616.4,Completed,
294,199,67,2024-05-14,2024-05-21,3112.69,Cancelled,4.0
295,294,31,2025-07-24,2025-08-01,3494.72,Completed,
296,366,5,2024-12-30,2025-01-08,1575.36,Completed,5.0
297,347,80,2025-10-14,2025-10-17,817.41,Completed,2.0
298,86,28,2024-04-18,2024-05-01,2984.15,Completed,
299,41,88,2024-08-06,2024-08-13,2575.23,Completed,2.0
300,305,34,2024-04-15,2024-04-21,1256.58,Completed,1.0
301,45,50,2024-06-14,2024-06-23,1524.06,Completed,
302,142,67,2025-04-14,2025-04-22,3557.36,Completed,
303,359,80,2025-04-07,2025-04-17,2724.7,Completed,4.0
304,77,19,2025-05-20,2025-05-30,785.9,Completed,1.0
305,55,73,2024-06-07,2024-06-20,1394.64,Completed,
306,275,45,2024-05-19,2024-05-26,727.65,Completed,5.0
307,312,61,2025-03-17,2025-03-18,439.07,Completed,5.0
308,312,88,2023-12-17,2023-12-29,4414.68,Completed,
309,170,89,2025-02-11,2025-02-15,312.08,Pending,3.0
310,191,3,2024-05-10,2024-05-16,836.88,Completed,
311,144,63,2024-04-05,2024-04-19,5660.48,Completed,
312,117,18,2025-05-16,2025-05-21,1950.5,Cancelled,3.0
313,138,94,2025-09-26,2025-10-03,2214.45,Completed,
314,227,28,2024-01-08,2024-01-22,3213.7,Completed,5.0
315,192,8,2024-11-12,2024-11-21,4036.05,Completed,
316,364,65,2025-05-22,2025-05-29,2429.07,Completed,5.0
317,15,23,2024-11-07,2024-11-11,873.04,Completed,
318,30,32,2025-02-11,2025-02-12,292.66,Completed,2.0
319,141,48,2024-02-04,2024-02-18,4931.64,Completed,
320,64,88,2024-03-17,2024-03-18,367.89,Completed,4.0
321,91,61,2024-01-21,2024-01-31,4390.7,Completed,
322,133,96,2024-12-04,2024-12-18,2826.32,Completed,
323,198,7,2025-05-01,2025-05-04,873.9,Completed,2.0
324,114,83,2024-09-17,2024-09-21,1978.2,Completed,
325,210,66,2023-12-19,2023-12-20,338.67,Completed,1.0
326,243,17,2025-08-29,2025-09-09,2527.03,Completed,2.0
327,130,78,2025-09-15,2025-09-28,5368.35,Completed,3.0
328,217,49,2024-10-12,2024-10-26,4613.28,Completed,
329,239,39,2024-06-02,2024-06-13,2932.71,Completed,5.0
330,53,1,2024-11-14,2024-11-23,1441.8,Cancelled,3.0
331,288,83,2024-04-30,2024-05-10,4945.5,Completed,
332,56,62,2024-05-02,2024-05-04,762.9,Completed,
333,167,36,2024-09-13,2024-09-18,1456.65,Completed,3.0
334,97,20,2024-10-14,2024-10-23,3936.15,Completed,5.0
335,207,85,2025-06-05,2025-06-11,2567.64,Completed,4.0
336,152,34,2025-11-16,2025-11-23,1466.01,Completed,5.0
337,363,74,2024-01-15,2024-01-29,4151.98,Completed,2.0
338,352,69,2025-10-11,2025-10-22,5002.58,Completed,3.0
339,260,39,2025-01-27,2025-02-10,3732.54,Completed,5.0
340,93,38,2024-04-16,2024-04-18,852.42,Completed,5.0
341,391,24,2024-10-29,2024-11-09,646.36,Completed,2.0
342,182,29,2025-09-16,2025-09-28,1938.72,Completed,3.0
343,191,34,2025-10-03,2025-10-13,2094.3,Completed,4.0
344,28,82,2023-12-11,2023-12-21,1621.4,Completed,4.0
345,100,65,2024-12-31,2025-01-02,694.02,Completed,
346,153,53,2025-06-17,2025-06-18,384.09,Completed,
347,103,44,2025-08-06,2025-08-13,602.35,Cancelled,4.0
348,74,41,2024-12-06,2024-12-20,4869.76,Completed,4.0
349,171,81,2024-02-05,2024-02-08,387.45,Completed,
350,232,36,2024-06-12,2024-06-16,1165.32,Completed,
351,392,21,2025-01-20,2025-01-28,801.6,Completed,2.0
352,315,56,2024-03-28,2024-04-08,567.6,Completed,4.0
353,197,1,2025-02-13,2025-02-14,160.2,Completed,1.0
354,165,97,2024-02-21,2024-03-06,3662.96,Completed,
355,3,81,2023-11-30,2023-12-12,1549.8,Completed,3.0
356,160,17,2025-09-29,2025-10-01,459.46,Completed,2.0
357,34,6,2024-01-03,2024-01-08,467.6,Completed,5.0
358,306,68,2025-09-18,2025-09-24,1910.76,Completed,2.0
359,176,63,2024-04-16,2024-04-22,2425.92,Completed,
360,207,3,2024-11-21,2024-11-25,557.92,Completed,2.0
361,376,3,2024-01-07,2024-01-17,1394.8,Completed,
362,365,84,2024-11-27,2024-12-10,3258.58,Pending,3.0
363,395,69,2023-12-18,2023-12-28,4547.8,Pending,1.0
364,335,3,2024-03-04,2024-03-05,139.48,Completed,4.0
365,64,71,2024-05-11,2024-05-16,2384.95,Completed,
366,356,88,2025-05-08,2025-05-19,4046.79,Pending,1.0
367,340,67,2024-06-03,2024-06-08,2223.35,Completed,4.0
368,54,66,2025-06-11,2025-06-23,4064.04,Completed,
369,55,64,2024-08-09,2024-08-13,1669.84,Completed,5.0
370,104,46,2025-01-09,2025-01-21,1042.68,Completed,
371,281,64,2024-02-10,2024-02-14,1669.84,Completed,2.0
372,2,2,2025-06-06,2025-06-17,2638.46,Pending,
373,294,86,2023-11-21,2023-11-29,1983.52,Completed,
374,262,10,2025-03-08,2025-03-20,3048.36,Completed,2.0
375,234,38,2025-10-03,2025-10-08,2131.05,Completed,
376,90,6,2024-05-19,2024-06-02,1309.28,Completed,3.0
377,219,95,2025-06-08,2025-06-10,263.56,Pending,1.0
378,5,18,2025-03-26,2025-04-06,4291.1,Completed,
379,225,80,2025-10-04,2025-10-09,1362.35,Completed,
380,176,24,2025-08-25,2025-08-27,117.52,Completed,3.0
381,198,89,2024-08-07,2024-08-21,1092.28,Completed,2.0
382,58,17,2025-04-27,2025-05-09,2756.76,Completed,2.0
383,54,54,2025-09-27,2025-10-07,1416.2,Completed,4.0
384,93,79,2023-12-17,2023-12-24,3026.66,Completed,2.0
385,248,63,2025-09-06,2025-09-08,808.64,Completed,1.0
386,134,84,2025-11-11,2025-11-17,1503.96,Pending,5.0
387,393,96,2024-03-05,2024-03-15,2018.8,Completed,
388,343,44,2024-07-23,2024-08-01,774.45,Completed,1.0
389,222,85,2024-03-18,2024-03-30,5135.28,Completed,
390,347,83,2024-04-27,2024-05-04,3461.85,Completed,5.0
391,28,2,2024-05-17,2024-05-28,2638.46,Completed,4.0
392,254,22,2023-12-22,2023-12-24,785.76,Completed,
393,170,36,2024-03-17,2024-03-18,291.33,Completed,4.0
394,207,31,2024-07-29,2024-07-31,873.68,Completed,4.0
395,46,64,2024-07-26,2024-08-03,3339.68,Completed,1.0
396,53,52,2024-05-08,2024-05-15,1293.04,Pending,1.0
397,310,80,2024-05-13,2024-05-24,2997.17,Completed,2.0
398,336,86,2025-06-11,2025-06-19,1983.52,Cancelled,
399,28,29,2025-07-04,2025-07-18,2261.84,Completed,5.0
400,308,61,2024-11-03,2024-11-15,5268.84,Completed,1.0
401,50,98,2025-10-19,2025-10-30,4417.05,Completed,
402,325,38,2025-01-12,2025-01-21,3835.89,Completed,1.0
403,85,64,2025-01-18,2025-01-21,1252.38,Completed,4.0
404,55,33,2023-12-24,2024-01-03,4030.8,Completed,
405,202,28,2025-11-03,2025-11-11,1836.4,Completed,
406,174,14,2025-05-28,2025-06-10,2216.24,Completed,5.0
407,64,99,2025-08-28,2025-09-05,2636.8,Completed,5.0
408,69,64,2025-03-08,2025-03-09,417.46,Completed,
409,222,75,2024-07-19,2024-07-27,2584.0,Completed,2.0
410,355,75,2025-03-24,2025-03-27,969.0,Completed,
411,199,85,2025-06-11,2025-06-21,4279.4,Completed,
412,197,54,2024-12-23,2025-01-02,1416.2,Completed,3.0
413,204,44,2025-05-24,2025-05-29,430.25,Completed,
414,212,78,2024-01-15,2024-01-27,4955.4,Completed,5.0
415,161,92,2025-07-17,2025-07-29,2073.84,Completed,2.0
416,108,80,2024-06-30,2024-07-12,3269.64,Completed,
417,345,17,2024-12-08,2024-12-20,2756.76,Completed,5.0
418,278,89,2024-03-13,2024-03-24,858.22,Completed,
419,181,72,2024-08-11,2024-08-19,2225.68,Completed,4.0
420,346,96,2025-08-13,2025-08-27,2826.32,Completed,4.0
421,7,67,2024-11-18,2024-11-20,889.34,Pending,
422,344,8,2025-02-28,2025-03-04,1793.8,Completed,3.0
423,350,33,2024-08-05,2024-08-08,1209.24,Completed,3.0
424,105,97,2024-09-24,2024-10-03,2354.76,Pending,1.0
425,316,87,2024-04-14,2024-04-26,5422.32,Completed,
426,332,72,2025-03-20,2025-03-27,1947.47,Completed,3.0
427,355,86,2025-01-01,2025-01-02,247.94,Completed,
428,351,41,2025-09-08,2025-09-17,3130.56,Pending,2.0
429,318,100,2024-01-15,2024-01-29,5106.64,Completed,3.0
430,387,76,2025-03-18,2025-03-27,2366.37,Completed,
431,372,25,2024-11-30,2024-12-05,2225.5,Completed,1.0
432,96,23,2025-04-21,2025-05-03,2619.12,Completed,
433,220,36,2024-12-07,2024-12-16,2621.97,Completed,
434,131,1,2025-08-01,2025-08-07,961.2,Completed,1.0
435,79,42,2025-11-16,2025-11-26,3106.3,Pending,5.0
436,339,39,2025-09-28,2025-10-06,2132.88,Completed,1.0
437,363,41,2025-09-04,2025-09-13,3130.56,Completed,
438,35,65,2024-05-15,2024-05-18,1041.03,Completed,1.0
439,179,29,2024-06-21,2024-06-25,646.24,Completed,
440,151,28,2025-09-01,2025-09-14,2984.15,Completed,5.0
441,386,84,2025-08-06,2025-08-07,250.66,Completed,
442,124,83,2024-04-06,2024-04-16,4945.5,Completed,
443,21,88,2024-07-22,2024-07-28,2207.34,Completed,1.0
444,198,33,2024-07-30,2024-08-08,3627.72,Completed,
445,265,99,2025-02-02,2025-02-08,1977.6,Completed,4.0
446,23,38,2023-11-27,2023-12-08,4688.31,Completed,1.0
447,86,99,2024-06-28,2024-07-07,2966.4,Completed,2.0
448,344,81,2025-06-02,2025-06-15,1678.95,Completed,1.0
449,106,69,2024-04-08,2024-04-22,6366.92,Completed,4.0
450,332,10,2024-04-20,2024-05-02,3048.36,Completed,
451,368,43,2025-06-29,2025-06-30,264.55,Pending,
452,129,72,2025-04-17,2025-04-19,556.42,Completed,
453,133,53,2024-01-17,2024-01-24,2688.63,Completed,3.0
454,9,50,2024-09-18,2024-09-29,1862.74,Completed,
455,369,80,2024-01-19,2024-01-21,544.94,Completed,1.0
456,184,65,2024-03-13,2024-03-15,694.02,Completed,5.0
457,45,37,2025-06-29,2025-07-12,5765.76,Completed,
458,339,4,2023-12-15,2023-12-23,2521.36,Completed,
459,383,51,2025-02-03,2025-02-16,1572.87,Completed,2.0
460,153,87,2025-11-10,2025-11-23,5874.18,Completed,1.0
461,284,72,2025-09-04,2025-09-07,834.63,Completed,
462,306,51,2024-12-31,2025-01-09,1088.91,Completed,
463,108,96,2023-11-18,2023-11-30,2422.56,Completed,
464,212,83,2025-09-27,2025-10-11,6923.7,Completed,
465,114,79,2024-09-05,2024-09-19,6053.32,Completed,
466,344,73,2025-11-02,2025-11-16,1501.92,Pending,5.0
467,237,83,2025-08-23,2025-09-01,4450.95,Pending,3.0
468,51,26,2024-12-13,2024-12-25,4735.56,Completed,3.0
469,66,86,2024-02-11,2024-02-22,2727.34,Completed,
470,36,25,2024-11-13,2024-11-19,2670.6,Completed,
471,338,40,2023-11-24,2023-12-06,5920.68,Completed,3.0
472,162,55,2024-04-27,2024-04-30,1372.2,Pending,
473,114,92,2025-01-26,2025-02-07,2073.84,Completed,
474,185,18,2024-07-07,2024-07-18,4291.1,Completed,4.0
475,229,46,2024-01-15,2024-01-28,1129.57,Completed,2.0
476,331,78,2024-02-16,2024-02-18,825.9,Completed,2.0
477,276,26,2025-08-02,2025-08-07,1973.15,Completed,1.0
478,10,65,2025-06-22,2025-07-03,3817.11,Pending,4.0
479,394,76,2024-09-25,2024-09-29,1051.72,Completed,5.0
480,277,61,2025-04-07,2025-04-18,4829.77,Completed,
481,115,99,2025-05-26,2025-06-05,3296.0,Completed,
482,238,65,2025-09-30,2025-10-09,3123.09,Pending,
483,6,85,2024-05-09,2024-05-13,1711.76,Completed,5.0
484,351,22,2024-04-04,2024-04-17,5107.44,Completed,2.0
485,290,73,2024-04-22,2024-05-03,1180.08,Completed,
486,375,62,2024-07-01,2024-07-07,2288.7,Pending,2.0
487,33,34,2024-11-04,2024-11-10,1256.58,Completed,5.0
488,185,50,2025-01-06,2025-01-14,1354.72,Completed,1.0
489,333,42,2024-03-20,2024-03-22,621.26,Completed,3.0
490,380,34,2024-12-26,2025-01-05,2094.3,Completed,
491,335,49,2025-10-08,2025-10-14,1977.12,Completed,1.0
492,265,33,2025-01-22,2025-01-29,2821.56,Cancelled,
493,208,46,2023-12-08,2023-12-22,1216.46,Completed,4.0
494,310,1,2024-12-08,2024-12-17,1441.8,Completed,2.0
495,40,66,2025-08-23,2025-09-03,3725.37,Completed,
496,81,47,2024-07-04,2024-07-14,1419.2,Completed,
497,118,54,2024-12-15,2024-12-28,1841.06,Completed,
498,346,62,2025-10-14,2025-10-22,3051.6,Completed,
499,211,3,2025-07-21,2025-07-25,557.92,Pending,2.0
500,69,81,2024-10-06,2024-10-15,1162.35,Pending,1.0
501,86,34,2024-04-16,2024-04-19,628.29,Completed,5.0
502,327,3,2025-04-05,2025-04-17,1673.76,Completed,1.0
503,111,58,2024-04-17,2024-04-27,662.1,Cancelled,2.0
504,113,53,2024-05-14,2024-05-24,3840.9,Completed,2.0
505,320,85,2025-01-15,2025-01-24,3851.46,Completed,3.0
506,233,77,2023-12-08,2023-12-18,3487.3,Pending,
507,68,14,2024-09-15,2024-09-16,170.48,Completed,5.0
508,351,54,2024-07-11,2024-07-25,1982.68,Completed,
509,244,79,2024-12-10,2024-12-20,4323.8,Pending,5.0
510,386,16,2024-06-27,2024-06-29,321.96,Completed,
511,309,70,2025-10-12,2025-10-26,6531.14,Pending,4.0
512,268,54,2024-11-22,2024-11-28,849.72,Completed,4.0
513,118,62,2024-11-08,2024-11-21,4958.85,Completed,
514,380,98,2024-07-13,2024-07-27,5621.7,Completed,
515,69,33,2025-04-16,2025-04-24,3224.64,Completed,1.0
516,146,77,2024-11-16,2024-11-25,3138.57,Completed,
517,364,96,2025-11-13,2025-11-26,2624.44,Pending,5.0
518,4,49,2025-08-16,2025-08-27,3624.72,Completed,4.0
519,186,14,2025-01-18,2025-01-21,511.44,Completed,3.0
520,275,55,2024-08-06,2024-08-16,4574.0,Completed,
521,349,51,2024-09-20,2024-10-03,1572.87,Completed,5.0
522,248,23,2025-11-01,2025-11-07,1309.56,Completed,3.0
523,296,45,2024-04-18,2024-05-01,1351.35,Completed,1.0
524,383,30,2024-09-04,2024-09-12,1192.8,Completed,1.0
525,110,66,2025-10-20,2025-10-27,2370.69,Completed,5.0
526,357,88,2025-03-23,2025-04-04,4414.68,Pending,
527,326,1,2025-01-27,2025-02-09,2082.6,Pending,
528,308,56,2025-07-05,2025-07-07,103.2,Pending,
529,41,78,2025-05-18,2025-05-19,412.95,Completed,4.0
530,315,84,2024-09-14,2024-09-23,2255.94,Completed,1.0
531,397,23,2025-03-28,2025-04-08,2400.86,Completed,
532,337,67,2024-09-21,2024-09-26,2223.35,Completed,5.0
533,265,90,2025-03-24,2025-03-28,884.68,Completed,3.0
534,123,84,2025-11-04,2025-11-05,250.66,Cancelled,
535,142,100,2024-03-09,2024-03-16,2553.32,Completed,
536,301,26,2024-07-13,2024-07-22,3551.67,Pending,1.0
537,282,37,2025-09-10,2025-09-22,5322.24,Completed,3.0
538,178,36,2024-05-26,2024-05-30,1165.32,Completed,
539,207,74,2025-05-24,2025-05-25,296.57,Completed,1.0
540,287,10,2025-01-28,2025-02-06,2286.27,Completed,5.0
541,132,69,2025-10-11,2025-10-25,6366.92,Completed,
542,227,49,2024-11-09,2024-11-19,3295.2,Completed,
543,174,100,2025-08-07,2025-08-15,2918.08,Completed,1.0
544,247,15,2024-11-12,2024-11-17,1140.15,Pending,2.0
545,347,90,2024-08-22,2024-08-26,884.68,Completed,3.0
546,265,69,2025-10-26,2025-10-27,454.78,Completed,
547,148,12,2025-07-16,2025-07-23,2646.77,Completed,1.0
548,284,23,2025-08-07,2025-08-15,1746.08,Completed,
549,294,35,2025-01-22,2025-01-25,1133.1,Completed,2.0
550,256,95,2025-04-17,2025-04-21,527.12,Completed,
551,136,27,2024-02-11,2024-02-15,1149.8,Completed,
552,317,46,2025-01-11,2025-01-14,260.67,Completed,
553,41,87,2024-01-18,2024-01-29,4970.46,Completed,
554,278,6,2024-05-03,2024-05-17,1309.28,Completed,4.0
555,295,36,2024-01-21,2024-01-29,2330.64,Completed,5.0
556,144,51,2024-04-23,2024-04-27,483.96,Completed,
557,270,55,2024-12-15,2024-12-23,3659.2,Completed,
558,178,51,2025-05-27,2025-06-10,1693.86,Completed,
559,62,90,2025-03-20,2025-03-29,1990.53,Completed,1.0
560,346,27,2025-06-15,2025-06-22,2012.15,Completed,
561,314,34,2024-05-03,2024-05-06,628.29,Completed,
562,242,79,2025-09-14,2025-09-20,2594.28,Completed,2.0
563,215,90,2024-03-21,2024-04-03,2875.21,Completed,3.0
564,231,24,2024-07-28,2024-08-07,587.6,Completed,2.0
565,52,93,2024-11-12,2024-11-17,2141.15,Completed,4.0
566,101,19,2024-01-14,2024-01-27,1021.67,Cancelled,
567,5,23,2024-12-13,2024-12-20,1527.82,Completed,5.0
568,274,93,2025-01-08,2025-01-14,2569.38,Completed,
569,288,73,2024-06-30,2024-07-01,107.28,Completed,1.0
570,111,33,2025-01-11,2025-01-19,3224.64,Completed,
571,382,43,2024-06-01,2024-06-06,1322.75,Completed,3.0
572,177,3,2025-02-22,2025-03-01,976.36,Completed,5.0
573,102,74,2024-07-21,2024-07-31,2965.7,Completed,3.0
574,182,42,2025-09-05,2025-09-16,3416.93,Completed,4.0
575,41,49,2023-11-18,2023-11-28,3295.2,Completed,2.0
576,86,82,2024-06-01,2024-06-14,2107.82,Completed,5.0
577,293,52,2024-07-18,2024-08-01,2586.08,Completed,
578,176,30,2024-05-04,2024-05-10,894.6,Completed,
579,137,78,2025-06-20,2025-07-01,4542.45,Completed,3.0
580,383,76,2025-06-27,2025-07-06,2366.37,Cancelled,2.0
581,12,17,2024-03-09,2024-03-21,2756.76,Completed,
582,381,90,2025-11-02,2025-11-14,2654.04,Pending,
583,53,13,2024-12-29,2024-12-31,858.56,Completed,1.0
584,14,99,2024-08-25,2024-09-01,2307.2,Completed,1.0
585,135,80,2025-04-14,2025-04-17,817.41,Pending,4.0
586,159,30,2024-08-20,2024-08-24,596.4,Completed,2.0
587,68,68,2025-10-25,2025-11-08,4458.44,Completed,
588,183,42,2024-02-16,2024-03-01,4348.82,Completed,5.0
589,140,71,2025-05-05,2025-05-13,3815.92,Completed,5.0
590,91,76,2024-09-28,2024-10-08,2629.3,Completed,5.0
591,223,68,2024-11-09,2024-11-20,3503.06,Completed,
592,178,62,2025-10-08,2025-10-17,3433.05,Completed,
593,158,47,2025-09-02,2025-09-09,993.44,Completed,
594,1,67,2025-01-25,2025-02-08,6225.38,Completed,
595,147,61,2024-04-20,2024-04-29,3951.63,Pending,4.0
596,154,2,2025-11-12,2025-11-25,3118.18,Completed,
597,119,1,2024-04-30,2024-05-09,1441.8,Completed,5.0
598,224,51,2024-08-22,2024-08-26,483.96,Completed,4.0
599,194,29,2024-12-07,2024-12-12,807.8,Pending,5.0
600,392,79,2025-04-27,2025-05-10,5620.94,Completed,
601,333,96,2024-07-20,2024-07-29,1816.92,Completed,1.0
602,94,18,2024-08-20,2024-08-25,1950.5,Completed,4.0
603,140,90,2025-10-04,2025-10-14,2211.7,Completed,
604,78,7,2024-10-19,2024-10-28,2621.7,Pending,3.0
605,138,17,2025-09-07,2025-09-19,2756.76,Completed,
606,47,20,2025-02-28,2025-03-01,437.35,Completed,
607,160,64,2025-09-26,2025-10-02,2504.76,Completed,3.0
608,42,97,2025-08-01,2025-08-04,784.92,Pending,1.0
609,279,61,2024-08-28,2024-08-31,1317.21,Completed,4.0
610,7,16,2025-05-14,2025-05-27,2092.74,Completed,
611,227,32,2024-06-12,2024-06-24,3511.92,Cancelled,
612,377,99,2025-11-10,2025-11-12,659.2,Completed,4.0
613,200,88,2024-05-02,2024-05-07,1839.45,Completed,
614,373,6,2024-02-18,2024-03-01,1122.24,Completed,3.0
615,247,82,2025-07-24,2025-07-29,810.7,Completed,2.0
616,58,31,2025-09-01,2025-09-12,4805.24,Completed,
617,142,75,2023-11-30,2023-12-02,646.0,Completed,
618,22,75,2024-05-06,2024-05-19,4199.0,Completed,2.0
619,191,99,2025-08-06,2025-08-08,659.2,Completed,5.0
620,174,98,2024-03-29,2024-04-09,4417.05,Pending,
621,79,90,2024-09-04,2024-09-13,1990.53,Completed,
622,120,41,2025-03-03,2025-03-12,3130.56,Completed,4.0
623,376,25,2024-06-26,2024-06-27,445.1,Completed,
624,69,33,2024-12-04,2024-12-05,403.08,Completed,3.0
625,278,90,2025-05-22,2025-05-30,1769.36,Completed,
626,179,42,2025-09-14,2025-09-26,3727.56,Completed,5.0
627,284,21,2024-02-24,2024-02-26,200.4,Completed,3.0
628,278,47,2024-10-05,2024-10-13,1135.36,Pending,4.0
629,376,24,2025-01-11,2025-01-12,58.76,Completed,
630,318,31,2024-08-20,2024-08-26,2621.04,Completed,5.0
631,199,25,2025-02-01,2025-02-10,4005.9,Completed,2.0
632,314,37,2024-06-15,2024-06-21,2661.12,Completed,
633,50,67,2024-09-13,2024-09-24,4891.37,Pending,2.0
634,92,5,2024-07-01,2024-07-05,700.16,Completed,
635,17,74,2024-03-05,2024-03-16,3262.27,Completed,5.0
636,320,90,2024-08-26,2024-09-05,2211.7,Completed,
637,311,92,2025-06-16,2025-06-18,345.64,Pending,4.0
638,41,60,2023-12-06,2023-12-19,4551.56,Completed,
639,381,54,2024-06-17,2024-07-01,1982.68,Completed,5.0
640,137,68,2024-11-28,2024-11-29,318.46,Completed,1.0
641,111,67,2024-10-01,2024-10-03,889.34,Completed,
642,198,25,2024-07-13,2024-07-17,1780.4,Completed,
643,321,23,2025-03-11,2025-03-20,1964.34,Completed,1.0
644,393,82,2025-05-14,2025-05-24,1621.4,Completed,4.0
645,54,22,2024-08-09,2024-08-22,5107.44,Completed,3.0
646,337,21,2025-04-26,2025-05-05,901.8,Cancelled,3.0
647,162,71,2024-11-08,2024-11-14,2861.94,Completed,4.0
648,372,42,2024-05-27,2024-06-06,3106.3,Completed,4.0
649,393,71,2024-02-13,2024-02-25,5723.88,Completed,4.0
650,204,1,2025-01-01,2025-01-13,1922.4,Pending,
651,9,67,2025-02-16,2025-02-19,1334.01,Cancelled,
652,154,29,2024-02-25,2024-02-29,646.24,Completed,
653,354,36,2024-06-30,2024-07-09,2621.97,Completed,5.0
654,80,13,2023-12-21,2023-12-22,429.28,Completed,
655,136,47,2025-03-20,2025-03-30,1419.2,Completed,
656,154,12,2025-10-22,2025-11-01,3781.1,Completed,1.0
657,371,42,2025-07-24,2025-08-06,4038.19,Completed,5.0
658,49,77,2025-02-09,2025-02-20,3836.03,Completed,5.0
659,196,11,2024-05-12,2024-05-25,4570.54,Pending,3.0
660,223,54,2025-05-19,2025-06-02,1982.68,Completed,5.0
661,6,82,2024-12-10,2024-12-23,2107.82,Completed,
662,269,6,2024-11-10,2024-11-16,561.12,Completed,
663,258,90,2025-08-21,2025-08-25,884.68,Completed,4.0
664,229,97,2025-05-10,2025-05-20,2616.4,Completed,
665,222,38,2025-03-06,2025-03-19,5540.73,Completed,
666,43,61,2024-04-02,2024-04-12,4390.7,Completed,3.0
667,44,52,2024-08-16,2024-08-25,1662.48,Completed,2.0
668,247,72,2025-06-19,2025-06-23,1112.84,Completed,2.0
669,288,79,2024-06-08,2024-06-20,5188.56,Completed,
670,137,100,2024-07-09,2024-07-16,2553.32,Completed,1.0
671,58,86,2025-07-28,2025-08-04,1735.58,Completed,
672,165,45,2025-07-13,2025-07-23,1039.5,Completed,2.0
673,180,79,2025-04-26,2025-05-10,6053.32,Cancelled,2.0
674,226,6,2024-10-10,2024-10-24,1309.28,Completed,2.0
675,388,94,2024-10-21,2024-11-04,4428.9,Pending,2.0
676,318,19,2024-04-05,2024-04-19,1100.26,Completed,
677,176,89,2024-02-28,2024-03-12,1014.26,Completed,1.0
678,170,27,2025-10-12,2025-10-24,3449.4,Completed,
679,268,97,2024-10-21,2024-10-26,1308.2,Completed,2.0
680,356,90,2024-02-16,2024-02-27,2432.87,Pending,5.0
681,23,33,2024-02-02,2024-02-05,1209.24,Pending,
682,357,80,2025-06-10,2025-06-15,1362.35,Pending,1.0
683,35,50,2024-06-11,2024-06-22,1862.74,Completed,3.0
684,56,3,2024-02-11,2024-02-16,697.4,Completed,2.0
685,195,66,2023-12-07,2023-12-19,4064.04,Pending,
686,306,69,2025-02-26,2025-02-28,909.56,Completed,4.0
687,288,92,2025-01-16,2025-01-17,172.82,Pending,3.0
688,171,63,2025-06-30,2025-07-07,2830.24,Completed,
689,351,46,2024-12-06,2024-12-12,521.34,Completed,
690,257,36,2025-09-18,2025-10-01,3787.29,Pending,
691,199,4,2024-10-11,2024-10-20,2836.53,Completed,
692,175,51,2025-10-08,2025-10-19,1330.89,Completed,5.0
693,348,79,2025-01-21,2025-02-04,6053.32,Completed,
694,124,74,2025-02-06,2025-02-09,889.71,Completed,
695,310,43,2025-09-27,2025-10-05,2116.4,Completed,
696,71,75,2024-04-02,2024-04-11,2907.0,Completed,
697,71,40,2024-08-21,2024-09-02,5920.68,Completed,2.0
698,221,99,2025-01-26,2025-01-29,988.8,Completed,2.0
699,163,9,2025-07-03,2025-07-12,3580.92,Completed,2.0
700,163,19,2025-11-03,2025-11-15,943.08,Pending,
701,212,53,2025-07-21,2025-07-26,1920.45,Completed,3.0
702,78,100,2025-03-01,2025-03-05,1459.04,Completed,
703,391,79,2025-11-06,2025-11-16,4323.8,Completed,2.0
704,306,30,2025-05-19,2025-05-23,596.4,Completed,
705,353,100,2025-04-08,2025-04-16,2918.08,Completed,4.0
706,365,84,2025-07-09,2025-07-15,1503.96,Completed,
707,243,18,2024-08-17,2024-08-20,1170.3,Completed,
708,392,2,2024-06-25,2024-06-30,1199.3,Cancelled,
709,344,26,2025-05-12,2025-05-25,5130.19,Completed,
710,225,79,2025-07-29,2025-08-06,3459.04,Completed,2.0
711,219,52,2025-11-12,2025-11-25,2401.36,Pending,4.0
712,369,41,2023-11-21,2023-11-28,2434.88,Completed,5.0
713,275,68,2024-03-20,2024-03-31,3503.06,Completed,5.0
714,56,58,2024-03-07,2024-03-15,529.68,Completed,
715,126,67,2025-10-19,2025-10-28,4002.03,Completed,5.0
716,199,67,2025-07-25,2025-08-07,5780.71,Completed,
717,150,57,2025-08-22,2025-08-29,2572.85,Completed,3.0
718,237,22,2025-03-17,2025-03-24,2750.16,Completed,5.0
719,73,60,2025-06-29,2025-07-13,4901.68,Completed,
720,257,15,2025-01-16,2025-01-19,684.09,Completed,5.0
721,70,51,2025-05-23,2025-05-30,846.93,Completed,
722,233,76,2024-07-01,2024-07-13,3155.16,Completed,1.0
723,129,42,2025-04-19,2025-05-01,3727.56,Completed,2.0
724,368,94,2023-12-28,2023-12-30,632.7,Pending,3.0
725,44,68,2024-01-28,2024-02-09,3821.52,Completed,5.0
726,314,21,2023-12-26,2024-01-02,701.4,Completed,
727,88,43,2024-12-30,2025-01-09,2645.5,Completed,2.0
728,75,23,2025-01-25,2025-02-07,2837.38,Completed,3.0
729,374,99,2024-03-13,2024-03-21,2636.8,Completed,
730,68,26,2024-07-05,2024-07-06,394.63,Completed,
731,235,64,2023-11-30,2023-12-14,5844.44,Completed,5.0
732,253,31,2024-08-20,2024-08-24,1747.36,Completed,4.0
733,227,11,2025-10-09,2025-10-19,3515.8,Completed,
734,281,36,2024-08-01,2024-08-11,2913.3,Completed,2.0
735,26,24,2025-09-10,2025-09-13,176.28,Pending,
736,75,5,2024-10-09,2024-10-20,1925.44,Completed,3.0
737,45,7,2025-08-28,2025-08-30,582.6,Completed,
738,345,37,2024-11-01,2024-11-11,4435.2,Completed,5.0
739,288,23,2024-07-28,2024-08-05,1746.08,Completed,
740,19,12,2024-06-28,2024-07-11,4915.43,Completed,
741,195,9,2024-11-25,2024-12-08,5172.44,Completed,3.0
742,242,18,2024-12-08,2024-12-10,780.2,Completed,
743,270,53,2024-01-23,2024-02-01,3456.81,Completed,
744,30,14,2025-09-23,2025-10-03,1704.8,Completed,1.0
745,248,93,2025-08-01,2025-08-13,5138.76,Completed,3.0
746,219,78,2024-07-30,2024-08-13,5781.3,Completed,5.0
747,182,17,2025-01-24,2025-02-03,2297.3,Completed,4.0
748,253,24,2025-04-04,2025-04-14,587.6,Completed,
749,100,1,2024-06-18,2024-06-20,320.4,Pending,1.0
750,378,27,2024-10-27,2024-11-09,3736.85,Completed,1.0
751,171,45,2024-09-29,2024-10-08,935.55,Completed,
752,328,26,2025-07-24,2025-08-05,4735.56,Completed,3.0
753,154,65,2024-11-03,2024-11-12,3123.09,Completed,
754,352,43,2024-06-25,2024-07-01,1587.3,Completed,1.0
755,90,25,2025-08-21,2025-08-27,2670.6,Completed,4.0
756,243,5,2024-02-29,2024-03-11,1925.44,Completed,
757,236,69,2025-07-08,2025-07-14,2728.68,Completed,1.0
758,267,39,2025-07-06,2025-07-16,2666.1,Completed,
759,275,3,2025-07-05,2025-07-09,557.92,Completed,
760,182,9,2024-12-13,2024-12-16,1193.64,Completed,
761,193,81,2025-06-06,2025-06-15,1162.35,Completed,4.0
762,96,77,2024-12-24,2024-12-26,697.46,Completed,3.0
763,364,5,2025-11-15,2025-11-20,875.2,Completed,2.0
764,191,58,2024-10-02,2024-10-16,926.94,Cancelled,
765,155,23,2025-08-14,2025-08-16,436.52,Completed,
766,104,12,2025-02-13,2025-02-21,3024.88,Completed,5.0
767,79,25,2025-04-11,2025-04-17,2670.6,Completed,5.0
768,159,100,2025-01-30,2025-02-05,2188.56,Completed,5.0
769,347,17,2025-03-15,2025-03-19,918.92,Completed,5.0
770,60,1,2024-03-26,2024-03-31,801.0,Completed,5.0
771,45,43,2025-04-24,2025-05-02,2116.4,Completed,
772,393,85,2024-06-09,2024-06-21,5135.28,Completed,3.0
773,328,27,2024-11-16,2024-11-22,1724.7,Completed,
774,273,41,2025-01-28,2025-02-10,4521.92,Completed,
775,77,21,2025-08-12,2025-08-17,501.0,Completed,5.0
776,264,14,2025-01-09,2025-01-13,681.92,Completed,3.0
777,73,91,2025-11-03,2025-11-16,3798.6,Completed,
778,37,40,2023-11-22,2023-12-02,4933.9,Completed,1.0
779,67,4,2024-07-04,2024-07-12,2521.36,Completed,
780,197,7,2025-01-11,2025-01-13,582.6,Completed,
781,306,76,2024-01-08,2024-01-19,2892.23,Completed,5.0
782,183,40,2024-10-10,2024-10-16,2960.34,Completed,5.0
783,41,97,2025-06-03,2025-06-16,3401.32,Completed,
784,358,60,2025-05-31,2025-06-02,700.24,Completed,4.0
785,241,30,2025-06-02,2025-06-06,596.4,Completed,3.0
786,187,51,2024-07-03,2024-07-06,362.97,Completed,3.0
787,233,63,2024-11-12,2024-11-13,404.32,Pending,
788,246,60,2023-12-05,2023-12-19,4901.68,Completed,5.0
789,295,17,2025-05-16,2025-05-25,2067.57,Completed,1.0
790,167,72,2024-02-12,2024-02-23,3060.31,Pending,
791,237,52,2024-04-17,2024-04-27,1847.2,Completed,5.0
792,82,62,2024-12-26,2025-01-02,2670.15,Pending,
793,356,76,2024-04-08,2024-04-15,1840.51,Completed,3.0
794,279,89,2025-02-04,2025-02-08,312.08,Completed,5.0
795,250,15,2024-01-29,2024-02-08,2280.3,Completed,
796,50,57,2025-01-22,2025-01-25,1102.65,Completed,5.0
797,56,88,2025-03-08,2025-03-22,5150.46,Completed,3.0
798,254,83,2025-08-18,2025-08-29,5440.05,Pending,
799,72,75,2025-04-07,2025-04-20,4199.0,Completed,
800,76,85,2024-10-07,2024-10-10,1283.82,Completed,
801,316,74,2025-10-12,2025-10-20,2372.56,Completed,3.0
802,154,73,2024-07-05,2024-07-18,1394.64,Completed,
803,223,92,2024-08-31,2024-09-06,1036.92,Cancelled,5.0
804,262,52,2024-01-21,2024-02-04,2586.08,Completed,
805,190,71,2024-07-10,2024-07-11,476.99,Pending,3.0
806,57,37,2023-12-01,2023-12-15,6209.28,Pending,5.0
807,202,81,2025-11-16,2025-11-22,774.9,Completed,4.0
808,280,28,2024-09-02,2024-09-13,2525.05,Completed,
809,285,50,2024-01-20,2024-02-03,2370.76,Completed,2.0
810,148,86,2025-05-18,2025-05-21,743.82,Completed,
811,9,19,2024-01-28,2024-02-09,943.08,Completed,2.0
812,44,18,2024-02-01,2024-02-12,4291.1,Completed,5.0
813,218,80,2024-09-05,2024-09-08,817.41,Completed,4.0
814,197,46,2025-04-29,2025-05-03,347.56,Completed,5.0
815,256,94,2024-08-20,2024-08-24,1265.4,Completed,
816,280,74,2025-09-01,2025-09-07,1779.42,Pending,
817,248,91,2024-08-30,2024-09-05,1753.2,Completed,1.0
818,73,94,2025-06-12,2025-06-24,3796.2,Completed,3.0
819,239,67,2024-12-05,2024-12-07,889.34,Completed,2.0
820,242,81,2025-10-06,2025-10-18,1549.8,Completed,5.0
821,297,40,2025-08-30,2025-09-09,4933.9,Pending,
822,399,2,2024-12-12,2024-12-20,1918.88,Completed,5.0
823,376,43,2025-07-09,2025-07-16,1851.85,Completed,3.0
824,149,22,2025-05-02,2025-05-03,392.88,Completed,3.0
825,373,73,2024-04-30,2024-05-05,536.4,Pending,2.0
826,294,7,2025-10-30,2025-11-10,3204.3,Cancelled,5.0
827,14,37,2025-01-19,2025-01-27,3548.16,Pending,3.0
828,130,17,2024-10-02,2024-10-12,2297.3,Completed,1.0
829,380,15,2025-06-10,2025-06-20,2280.3,Completed,2.0
830,338,58,2025-11-05,2025-11-11,397.26,Completed,
831,359,31,2025-08-03,2025-08-11,3494.72,Completed,1.0
832,176,11,2024-12-01,2024-12-04,1054.74,Completed,4.0
833,386,53,2024-12-08,2024-12-21,4993.17,Completed,2.0
834,108,74,2024-07-18,2024-07-30,3558.84,Completed,
835,136,97,2024-02-26,2024-03-11,3662.96,Completed,
836,205,61,2025-08-21,2025-08-26,2195.35,Completed,5.0
837,120,49,2024-11-07,2024-11-18,3624.72,Completed,2.0
838,272,56,2025-03-10,2025-03-11,51.6,Completed,4.0
839,348,41,2024-11-23,2024-12-02,3130.56,Completed,
840,273,82,2024-12-02,2024-12-08,972.84,Cancelled,3.0
841,172,35,2025-05-25,2025-05-30,1888.5,Completed,
842,300,51,2025-06-19,2025-06-27,967.92,Completed,5.0
843,395,25,2025-06-20,2025-06-29,4005.9,Completed,2.0
844,161,71,2024-05-02,2024-05-03,476.99,Completed,1.0
845,211,13,2025-07-30,2025-08-08,3863.52,Completed,2.0
846,372,37,2025-04-26,2025-05-01,2217.6,Completed,
847,48,8,2025-04-17,2025-04-27,4484.5,Completed,5.0
848,327,16,2025-08-19,2025-08-31,1931.76,Cancelled,
849,310,17,2024-05-01,2024-05-08,1608.11,Completed,5.0
850,95,15,2024-03-12,2024-03-24,2736.36,Completed,
851,339,10,2025-09-08,2025-09-19,2794.33,Completed,4.0
852,355,86,2025-07-01,2025-07-14,3223.22,Completed,
853,400,10,2025-09-12,2025-09-17,1270.15,Completed,
854,171,8,2024-12-31,2025-01-05,2242.25,Cancelled,
855,226,9,2024-11-29,2024-12-07,3183.04,Cancelled,
856,202,23,2025-09-19,2025-09-30,2400.86,Completed,
857,394,56,2024-02-29,2024-03-04,206.4,Completed,
858,227,92,2025-06-24,2025-06-29,864.1,Completed,
859,293,94,2025-10-29,2025-11-03,1581.75,Completed,
860,255,20,2023-12-14,2023-12-25,4810.85,Completed,4.0
861,137,20,2025-08-20,2025-09-01,5248.2,Completed,
862,2,66,2024-07-05,2024-07-17,4064.04,Completed,4.0
863,207,94,2024-05-17,2024-05-30,4112.55,Completed,
864,116,1,2025-07-23,2025-07-30,1121.4,Cancelled,4.0
865,63,73,2025-06-27,2025-07-06,965.52,Completed,
866,350,39,2024-11-27,2024-12-04,1866.27,Pending,1.0
867,188,69,2024-06-26,2024-07-10,6366.92,Cancelled,
868,236,98,2025-06-03,2025-06-16,5220.15,Completed,
869,284,6,2024-02-29,2024-03-07,654.64,Completed,
870,200,14,2024-07-19,2024-07-30,1875.28,Completed,4.0
871,377,25,2024-01-22,2024-01-25,1335.3,Pending,
872,304,31,2025-01-22,2025-01-30,3494.72,Completed,3.0
873,256,69,2024-07-20,2024-08-03,6366.92,Completed,1.0
874,19,44,2024-08-12,2024-08-13,86.05,Completed,4.0
875,61,28,2024-05-22,2024-06-04,2984.15,Completed,5.0
876,77,95,2025-06-16,2025-06-26,1317.8,Completed,
877,377,19,2024-06-03,2024-06-11,628.72,Completed,5.0
878,24,32,2024-11-06,2024-11-18,3511.92,Completed,
879,324,7,2023-12-31,2024-01-05,1456.5,Completed,
880,313,22,2025-04-20,2025-05-04,5500.32,Completed,1.0
881,59,64,2025-01-28,2025-02-07,4174.6,Completed,
882,104,55,2025-01-10,2025-01-16,2744.4,Completed,4.0
883,167,16,2025-10-07,2025-10-18,1770.78,Completed,
884,110,98,2024-11-28,2024-11-29,401.55,Completed,
885,62,36,2024-03-24,2024-03-27,873.99,Completed,
886,190,71,2024-04-13,2024-04-16,1430.97,Completed,1.0
887,69,13,2025-04-21,2025-05-04,5580.64,Completed,2.0
888,9,63,2024-05-31,2024-06-02,808.64,Pending,
889,46,91,2025-10-07,2025-10-18,3214.2,Completed,
890,356,99,2025-09-20,2025-09-28,2636.8,Completed,
891,328,35,2025-02-03,2025-02-12,3399.3,Completed,
892,90,79,2023-11-27,2023-12-09,5188.56,Pending,
893,256,79,2024-06-14,2024-06-16,864.76,Completed,3.0
894,215,1,2024-01-16,2024-01-25,1441.8,Completed,
895,272,13,2025-06-07,2025-06-17,4292.8,Completed,5.0
896,260,29,2025-09-12,2025-09-20,1292.48,Completed,3.0
897,28,25,2025-08-01,2025-08-03,890.2,Completed,4.0
898,255,23,2024-10-30,2024-11-02,654.78,Completed,
899,331,47,2024-04-16,2024-04-21,709.6,Completed,
900,316,98,2025-10-17,2025-10-25,3212.4,Pending,5.0
901,91,21,2023-12-31,2024-01-13,1302.6,Pending,1.0
902,121,93,2025-08-25,2025-09-02,3425.84,Completed,
903,102,96,2025-10-26,2025-11-06,2220.68,Completed,
904,57,42,2023-11-24,2023-11-28,1242.52,Pending,2.0
905,193,29,2024-01-19,2024-01-21,323.12,Completed,4.0
906,75,28,2024-02-27,2024-03-08,2295.5,Completed,
907,70,59,2025-03-22,2025-04-03,825.84,Completed,
908,139,26,2024-01-08,2024-01-14,2367.78,Completed,1.0
909,144,18,2025-02-11,2025-02-13,780.2,Completed,2.0
910,390,44,2025-08-11,2025-08-15,344.2,Completed,5.0
911,88,74,2024-05-08,2024-05-17,2669.13,Completed,
912,268,63,2023-12-29,2024-01-12,5660.48,Cancelled,4.0
913,143,2,2024-03-28,2024-04-09,2878.32,Completed,2.0
914,168,56,2024-04-18,2024-04-28,516.0,Completed,2.0
915,294,1,2025-01-21,2025-01-28,1121.4,Cancelled,
916,241,94,2025-07-25,2025-08-07,4112.55,Completed,4.0
917,246,90,2024-03-30,2024-04-13,3096.38,Pending,1.0
918,286,97,2024-08-15,2024-08-16,261.64,Completed,2.0
919,68,46,2024-06-06,2024-06-11,434.45,Completed,1.0
920,246,86,2024-07-04,2024-07-09,1239.7,Completed,5.0
921,383,75,2025-09-20,2025-09-21,323.0,Cancelled,2.0
922,361,52,2024-06-01,2024-06-04,554.16,Completed,
923,238,91,2024-01-31,2024-02-11,3214.2,Pending,4.0
924,354,43,2024-11-11,2024-11-20,2380.95,Pending,3.0
925,358,79,2023-12-29,2024-01-07,3891.42,Completed,
926,351,11,2025-10-22,2025-11-01,3515.8,Completed,1.0
927,264,87,2025-05-26,2025-06-01,2711.16,Completed,
928,188,60,2025-02-25,2025-03-07,3501.2,Pending,
929,332,72,2024-05-03,2024-05-15,3338.52,Pending,2.0
930,71,43,2024-02-12,2024-02-16,1058.2,Completed,5.0
931,360,27,2024-02-15,2024-02-28,3736.85,Completed,
932,181,35,2025-05-08,2025-05-17,3399.3,Completed,
933,33,48,2024-01-26,2024-02-01,2113.56,Completed,1.0
934,241,91,2024-06-15,2024-06-24,2629.8,Completed,3.0
935,232,80,2024-07-11,2024-07-17,1634.82,Completed,1.0
936,97,59,2023-12-12,2023-12-14,137.64,Pending,3.0
937,40,14,2024-10-13,2024-10-16,511.44,Completed,4.0
938,78,27,2024-09-16,2024-09-25,2587.05,Cancelled,
939,214,88,2025-06-01,2025-06-10,3311.01,Completed,4.0
940,228,95,2025-07-02,2025-07-13,1449.58,Pending,
941,12,30,2024-05-16,2024-05-30,2087.4,Completed,4.0
942,297,44,2025-11-01,2025-11-12,946.55,Completed,
943,304,86,2025-05-04,2025-05-16,2975.28,Completed,4.0
944,156,73,2025-09-06,2025-09-09,321.84,Completed,
945,134,30,2024-12-04,2024-12-12,1192.8,Completed,
946,25,19,2024-11-06,2024-11-12,471.54,Completed,5.0
947,83,92,2025-11-03,2025-11-12,1555.38,Completed,2.0
948,83,31,2024-07-02,2024-07-04,873.68,Pending,
949,65,57,2024-03-13,2024-03-18,1837.75,Completed,
950,363,5,2025-09-12,2025-09-23,1925.44,Completed,
951,191,58,2024-12-15,2024-12-24,595.89,Cancelled,1.0
952,13,52,2024-05-14,2024-05-22,1477.76,Completed,3.0
953,80,1,2024-01-09,2024-01-21,1922.4,Completed,3.0
954,243,38,2024-08-14,2024-08-27,5540.73,Cancelled,2.0
955,290,94,2025-01-29,2025-02-06,2530.8,Completed,
956,246,6,2025-03-30,2025-04-02,280.56,Completed,
957,13,52,2024-12-24,2025-01-03,1847.2,Completed,1.0
958,168,8,2024-05-16,2024-05-26,4484.5,Completed,2.0
959,393,36,2024-12-15,2024-12-19,1165.32,Pending,4.0
960,347,86,2024-11-02,2024-11-04,495.88,Cancelled,
961,252,41,2025-02-10,2025-02-20,3478.4,Completed,3.0
962,204,19,2025-05-06,2025-05-18,943.08,Completed,
963,191,2,2025-03-09,2025-03-14,1199.3,Completed,
964,229,72,2024-05-07,2024-05-09,556.42,Completed,4.0
965,227,37,2024-05-30,2024-06-02,1330.56,Completed,4.0
966,374,54,2024-07-25,2024-07-28,424.86,Completed,2.0
967,107,39,2025-04-09,2025-04-17,2132.88,Cancelled,3.0
968,34,76,2025-04-14,2025-04-27,3418.09,Completed,
969,328,35,2024-10-25,2024-11-01,2643.9,Completed,5.0
970,387,18,2024-06-02,2024-06-06,1560.4,Completed,
971,284,63,2024-04-28,2024-04-29,404.32,Completed,
972,300,39,2025-04-28,2025-05-06,2132.88,Completed,1.0
973,2,20,2025-11-08,2025-11-13,2186.75,Completed,4.0
974,64,84,2025-05-21,2025-06-01,2757.26,Completed,4.0
975,353,83,2023-11-25,2023-11-29,1978.2,Pending,4.0
976,35,77,2024-06-03,2024-06-15,4184.76,Completed,4.0
977,133,81,2024-08-21,2024-09-01,1420.65,Completed,1.0
978,192,66,2025-01-10,2025-01-22,4064.04,Completed,2.0
979,298,8,2024-09-23,2024-09-26,1345.35,Completed,2.0
980,183,21,2024-09-09,2024-09-10,100.2,Completed,3.0
981,25,38,2023-12-30,2024-01-04,2131.05,Completed,5.0
982,100,99,2025-02-02,2025-02-13,3625.6,Completed,
983,386,22,2024-10-08,2024-10-17,3535.92,Completed,
984,351,39,2025-03-03,2025-03-08,1333.05,Completed,1.0
985,274,75,2024-04-22,2024-04-28,1938.0,Completed,
986,266,37,2025-11-14,2025-11-20,2661.12,Completed,2.0
987,53,28,2025-07-26,2025-07-29,688.65,Completed,5.0
988,315,89,2025-05-05,2025-05-19,1092.28,Cancelled,5.0
989,360,97,2025-01-01,2025-01-14,3401.32,Completed,1.0
990,60,17,2025-05-14,2025-05-15,229.73,Completed,
991,186,18,2024-07-11,2024-07-25,5461.4,Completed,5.0
992,391,44,2024-02-27,2024-03-01,258.15,Completed,
993,61,29,2025-01-05,2025-01-08,484.68,Completed,
994,117,40,2025-05-19,2025-05-22,1480.17,Completed,4.0
995,354,98,2025-04-07,2025-04-20,5220.15,Completed,
996,248,97,2025-04-25,2025-05-02,1831.48,Pending,
997,338,66,2025-06-19,2025-06-29,3386.7,Pending,
998,130,6,2025-02-18,2025-02-20,187.04,Completed,
999,50,16,2024-06-10,2024-06-20,1609.8,Completed,2.0
1000,344,45,2024-10-14,2024-10-15,103.95,Pending,3.0
1001,297,45,2025-08-31,2025-09-06,623.7,Completed,5.0
1002,124,65,2024-02-20,2024-03-01,3470.1,Pending,1.0
1003,271,28,2025-03-07,2025-03-19,2754.6,Completed,
1004,387,69,2025-11-10,2025-11-11,454.78,Cancelled,
1005,110,65,2025-08-15,2025-08-29,4858.14,Completed,
1006,302,24,2024-02-04,2024-02-12,470.08,Completed,
1007,182,49,2024-06-08,2024-06-15,2306.64,Completed,
1008,58,98,2025-07-05,2025-07-11,2409.3,Completed,
1009,70,64,2025-10-27,2025-11-09,5426.98,Completed,
1010,370,6,2023-11-21,2023-11-23,187.04,Completed,
1011,146,59,2025-04-13,2025-04-23,688.2,Completed,4.0
1012,116,71,2024-04-02,2024-04-09,3338.93,Completed,2.0
1013,36,61,2024-01-08,2024-01-19,4829.77,Completed,
1014,346,63,2024-01-02,2024-01-13,4447.52,Completed,1.0
1015,62,19,2025-04-01,2025-04-08,550.13,Completed,1.0
1016,380,22,2025-07-05,2025-07-07,785.76,Completed,
1017,103,77,2025-05-01,2025-05-15,4882.22,Cancelled,
1018,218,93,2024-03-06,2024-03-14,3425.84,Completed,5.0
1019,304,35,2024-09-03,2024-09-16,4910.1,Completed,4.0
1020,183,61,2024-11-14,2024-11-25,4829.77,Completed,4.0
1021,262,36,2025-11-11,2025-11-14,873.99,Completed,
1022,129,63,2023-11-23,2023-12-01,3234.56,Completed,1.0
1023,51,95,2024-02-25,2024-02-26,131.78,Completed,1.0
1024,92,49,2023-12-10,2023-12-20,3295.2,Completed,
1025,319,80,2024-11-26,2024-11-28,544.94,Completed,5.0
1026,393,64,2024-11-25,2024-12-08,5426.98,Completed,
1027,255,63,2024-01-23,2024-02-01,3638.88,Completed,
1028,277,70,2025-05-26,2025-05-27,466.51,Cancelled,
1029,221,16,2025-03-05,2025-03-12,1126.86,Completed,4.0
1030,236,5,2024-10-14,2024-10-15,175.04,Completed,3.0
1031,362,22,2024-12-21,2024-12-29,3143.04,Completed,
1032,200,63,2024-06-21,2024-07-04,5256.16,Completed,5.0
1033,351,70,2025-01-22,2025-02-01,4665.1,Completed,2.0
1034,260,8,2024-12-08,2024-12-15,3139.15,Completed,4.0
1035,316,87,2025-07-22,2025-07-28,2711.16,Completed,
1036,32,4,2024-08-17,2024-08-27,3151.7,Pending,3.0
1037,380,75,2025-01-01,2025-01-02,323.0,Completed,4.0
1038,50,55,2025-07-03,2025-07-09,2744.4,Cancelled,1.0
1039,339,32,2025-01-26,2025-01-30,1170.64,Completed,
1040,44,89,2024-02-21,2024-02-23,156.04,Completed,
1041,87,3,2024-04-30,2024-05-09,1255.32,Completed,4.0
1042,291,66,2025-05-12,2025-05-19,2370.69,Completed,5.0
1043,12,41,2025-01-05,2025-01-12,2434.88,Completed,
1044,51,63,2025-03-16,2025-03-18,808.64,Completed,
1045,255,65,2025-07-11,2025-07-24,4511.13,Completed,
1046,315,39,2024-10-18,2024-10-24,1599.66,Cancelled,
1047,326,10,2025-03-11,2025-03-25,3556.42,Completed,
1048,136,7,2024-03-08,2024-03-13,1456.5,Cancelled,2.0
1049,320,96,2024-01-12,2024-01-14,403.76,Completed,5.0
1050,173,35,2025-09-01,2025-09-03,755.4,Completed,4.0
1051,108,45,2024-07-16,2024-07-29,1351.35,Pending,5.0
1052,154,56,2025-09-05,2025-09-16,567.6,Completed,
1053,206,33,2025-06-19,2025-06-29,4030.8,Completed,5.0
1054,93,3,2025-04-12,2025-04-23,1534.28,Completed,5.0
1055,256,28,2024-12-18,2024-12-29,2525.05,Cancelled,4.0
1056,138,82,2025-06-23,2025-07-02,1459.26,Completed,4.0
1057,290,94,2024-10-21,2024-11-01,3479.85,Pending,
1058,237,19,2025-09-19,2025-09-23,314.36,Completed,3.0
1059,223,53,2025-10-19,2025-10-25,2304.54,Completed,2.0
1060,212,35,2025-02-25,2025-03-11,5287.8,Completed,
1061,352,77,2024-11-26,2024-11-30,1394.92,Completed,
1062,99,4,2023-11-17,2023-11-21,1260.68,Completed,
1063,249,72,2025-07-11,2025-07-18,1947.47,Completed,2.0
1064,82,35,2024-05-04,2024-05-07,1133.1,Pending,3.0
1065,338,71,2025-10-18,2025-10-21,1430.97,Completed,
1066,370,63,2025-05-13,2025-05-26,5256.16,Pending,1.0
1067,161,78,2024-12-25,2024-12-30,2064.75,Completed,4.0
1068,187,86,2025-02-13,2025-02-24,2727.34,Completed,
1069,371,18,2023-12-17,2023-12-21,1560.4,Completed,1.0
1070,268,86,2023-12-13,2023-12-27,3471.16,Completed,5.0
1071,129,64,2024-11-11,2024-11-13,834.92,Completed,
1072,161,43,2025-05-06,2025-05-20,3703.7,Completed,
1073,384,96,2025-10-03,2025-10-07,807.52,Completed,
1074,55,23,2024-07-08,2024-07-12,873.04,Cancelled,3.0
1075,302,8,2025-03-01,2025-03-09,3587.6,Completed,1.0
1076,163,70,2024-08-17,2024-08-24,3265.57,Completed,
1077,143,19,2025-08-27,2025-09-02,471.54,Completed,
1078,158,3,2025-10-21,2025-11-01,1534.28,Cancelled,1.0
1079,354,86,2024-09-05,2024-09-09,991.76,Completed,
1080,328,90,2024-08-01,2024-08-07,1327.02,Completed,5.0
1081,122,57,2025-06-13,2025-06-20,2572.85,Pending,3.0
1082,155,12,2025-06-26,2025-07-10,5293.54,Completed,
1083,83,57,2025-03-24,2025-04-04,4043.05,Completed,4.0
1084,18,36,2024-02-08,2024-02-22,4078.62,Pending,4.0
1085,242,95,2025-03-06,2025-03-13,922.46,Completed,
1086,217,13,2025-08-22,2025-09-05,6009.92,Completed,
1087,34,46,2025-09-28,2025-10-05,608.23,Completed,3.0
1088,233,89,2023-12-19,2023-12-20,78.02,Completed,2.0
1089,323,57,2024-04-30,2024-05-13,4778.15,Completed,
1090,103,81,2024-05-11,2024-05-16,645.75,Completed,
1091,81,32,2025-04-27,2025-05-06,2633.94,Completed,2.0
1092,305,88,2024-12-11,2024-12-18,2575.23,Completed,
1093,245,95,2025-02-16,2025-02-19,395.34,Completed,3.0
1094,145,26,2024-12-04,2024-12-06,789.26,Completed,
1095,194,74,2025-03-07,2025-03-11,1186.28,Pending,
1096,286,83,2024-10-01,2024-10-11,4945.5,Completed,4.0
1097,102,34,2025-05-05,2025-05-17,2513.16,Completed,
1098,317,55,2024-08-21,2024-08-31,4574.0,Completed,
1099,189,22,2024-01-02,2024-01-12,3928.8,Completed,4.0
1100,396,59,2024-09-03,2024-09-17,963.48,Completed,
1101,366,27,2025-03-28,2025-04-01,1149.8,Completed,3.0
1102,148,96,2024-01-16,2024-01-24,1615.04,Completed,2.0
1103,308,28,2025-02-07,2025-02-21,3213.7,Completed,4.0
1104,93,53,2024-11-29,2024-12-12,4993.17,Completed,
1105,135,31,2024-03-05,2024-03-15,4368.4,Completed,
1106,299,88,2024-09-20,2024-10-01,4046.79,Completed,
1107,69,42,2024-11-30,2024-12-12,3727.56,Completed,
1108,197,91,2024-11-10,2024-11-17,2045.4,Completed,
1109,49,72,2025-08-02,2025-08-03,278.21,Pending,4.0
1110,182,78,2024-04-13,2024-04-24,4542.45,Cancelled,1.0
1111,3,33,2025-08-04,2025-08-13,3627.72,Completed,
1112,203,86,2024-08-12,2024-08-18,1487.64,Completed,1.0
1113,298,23,2024-11-19,2024-11-24,1091.3,Completed,3.0
1114,240,17,2024-01-14,2024-01-16,459.46,Completed,2.0
1115,134,15,2025-05-13,2025-05-19,1368.18,Pending,
1116,144,96,2025-07-27,2025-08-02,1211.28,Completed,
1117,135,79,2025-09-12,2025-09-26,6053.32,Completed,
1118,161,56,2024-01-12,2024-01-15,154.8,Completed,2.0
1119,285,85,2024-08-05,2024-08-16,4707.34,Completed,
1120,77,7,2025-10-04,2025-10-08,1165.2,Completed,2.0
1121,362,60,2024-02-19,2024-02-26,2450.84,Completed,4.0
1122,21,57,2025-08-25,2025-08-31,2205.3,Cancelled,4.0
1123,253,15,2025-06-29,2025-07-13,3192.42,Completed,
1124,179,12,2024-02-09,2024-02-13,1512.44,Completed,
1125,87,96,2025-03-04,2025-03-13,1816.92,Completed,5.0
1126,109,75,2024-11-14,2024-11-15,323.0,Completed,4.0
1127,40,32,2025-09-18,2025-10-01,3804.58,Completed,
1128,169,4,2025-01-31,2025-02-05,1575.85,Completed,4.0
1129,192,76,2025-03-12,2025-03-14,525.86,Completed,
1130,42,59,2025-02-21,2025-03-07,963.48,Completed,3.0
1131,305,85,2024-10-21,2024-10-22,427.94,Completed,
1132,319,58,2025-10-19,2025-10-25,397.26,Completed,5.0
1133,67,28,2025-02-15,2025-03-01,3213.7,Pending,3.0
1134,29,96,2023-12-25,2023-12-27,403.76,Completed,1.0
1135,205,33,2024-12-17,2024-12-20,1209.24,Completed,4.0
1136,46,3,2023-11-21,2023-12-05,1952.72,Completed,
1137,207,37,2025-03-17,2025-03-28,4878.72,Completed,1.0
1138,153,63,2025-02-24,2025-03-09,5256.16,Completed,3.0
1139,351,78,2025-04-09,2025-04-12,1238.85,Completed,
1140,189,66,2024-02-01,2024-02-05,1354.68,Completed,4.0
1141,138,73,2024-12-20,2024-12-30,1072.8,Completed,3.0
1142,315,24,2025-11-11,2025-11-18,411.32,Completed,
1143,263,44,2024-11-22,2024-11-30,688.4,Completed,2.0
1144,254,68,2024-12-08,2024-12-19,3503.06,Completed,
1145,240,56,2024-08-09,2024-08-11,103.2,Completed,2.0
1146,66,88,2024-11-11,2024-11-16,1839.45,Completed,3.0
1147,292,7,2025-10-04,2025-10-13,2621.7,Pending,
1148,56,66,2024-03-03,2024-03-10,2370.69,Completed,5.0
1149,130,46,2024-05-07,2024-05-12,434.45,Completed,1.0
1150,59,95,2024-01-27,2024-02-07,1449.58,Completed,4.0
1151,24,11,2024-02-05,2024-02-12,2461.06,Completed,
1152,301,93,2024-11-21,2024-11-29,3425.84,Completed,3.0
1153,175,24,2025-10-29,2025-11-02,235.04,Completed,5.0
1154,133,87,2024-11-06,2024-11-08,903.72,Completed,
1155,203,15,2025-01-17,2025-01-18,228.03,Completed,4.0
1156,337,96,2024-07-01,2024-07-11,2018.8,Completed,
1157,316,47,2025-10-14,2025-10-26,1703.04,Completed,4.0
1158,155,12,2023-12-04,2023-12-07,1134.33,Completed,
1159,9,90,2024-07-17,2024-07-21,884.68,Completed,
1160,333,19,2024-10-13,2024-10-24,864.49,Completed,5.0
1161,98,12,2024-02-19,2024-02-24,1890.55,Completed,
1162,217,3,2024-09-18,2024-09-20,278.96,Completed,
1163,360,57,2025-04-08,2025-04-16,2940.4,Completed,5.0
1164,125,26,2025-08-12,2025-08-17,1973.15,Completed,1.0
1165,171,2,2025-02-22,2025-02-24,479.72,Completed,4.0
1166,254,95,2024-05-06,2024-05-16,1317.8,Completed,3.0
1167,19,63,2025-11-01,2025-11-08,2830.24,Completed,5.0
1168,348,63,2024-06-03,2024-06-07,1617.28,Completed,4.0
1169,296,41,2024-06-20,2024-06-29,3130.56,Pending,4.0
1170,243,15,2025-11-05,2025-11-13,1824.24,Completed,4.0
1171,358,56,2025-03-23,2025-03-24,51.6,Completed,4.0
1172,177,57,2023-11-24,2023-11-28,1470.2,Completed,3.0
1173,309,92,2025-05-15,2025-05-26,1901.02,Completed,4.0
1174,214,87,2024-04-18,2024-04-29,4970.46,Completed,2.0
1175,319,27,2025-02-17,2025-02-22,1437.25,Completed,
1176,248,17,2025-05-03,2025-05-06,689.19,Completed,1.0
1177,213,64,2025-07-03,2025-07-08,2087.3,Completed,1.0
1178,184,34,2025-04-13,2025-04-19,1256.58,Completed,
1179,258,5,2025-04-14,2025-04-27,2275.52,Pending,5.0
1180,117,16,2025-07-03,2025-07-12,1448.82,Completed,
1181,175,46,2023-12-12,2023-12-25,1129.57,Pending,3.0
1182,78,89,2025-02-24,2025-03-10,1092.28,Completed,1.0
1183,225,59,2025-01-22,2025-02-05,963.48,Completed,5.0
1184,313,14,2024-04-28,2024-05-12,2386.72,Completed,2.0
1185,323,16,2025-06-14,2025-06-28,2253.72,Completed,
1186,373,38,2024-03-07,2024-03-19,5114.52,Completed,1.0
1187,79,83,2025-03-04,2025-03-10,2967.3,Completed,
1188,104,57,2024-05-16,2024-05-23,2572.85,Completed,
1189,243,44,2023-12-25,2023-12-30,430.25,Completed,
1190,191,92,2024-07-08,2024-07-21,2246.66,Completed,2.0
1191,78,97,2024-07-18,2024-07-31,3401.32,Completed,2.0
1192,220,53,2025-01-15,2025-01-22,2688.63,Completed,5.0
1193,350,47,2024-11-08,2024-11-09,141.92,Completed,5.0
1194,36,11,2024-06-25,2024-07-01,2109.48,Completed,2.0
1195,223,8,2024-11-21,2024-11-28,3139.15,Completed,2.0
1196,295,8,2025-05-20,2025-05-31,4932.95,Cancelled,5.0
1197,152,54,2023-11-30,2023-12-07,991.34,Completed,3.0
1198,370,96,2024-11-19,2024-11-25,1211.28,Completed,
1199,144,68,2024-05-27,2024-06-06,3184.6,Completed,4.0
1200,330,27,2024-04-11,2024-04-20,2587.05,Completed,4.0
