guest_id,full_name,gender,age,phone_number,loyalty_status,signup_date
1,James Franco,Other,56,908.641.8618x7941,Silver,2021-08-20
2,Eric Beasley,Male,79,+1-903-416-6092x4865,Silver,2021-02-19
3,Dennis Rogers,Female,54,+1-444-775-3976,,2023-12-30
4,Stacy Young,Female,78,497.595.5210x0677,Bronze,2021-01-16
5,Joanna Butler,Other,71,001-213-716-8322x839,Bronze,2020-12-10
6,Kelly Brewer,Female,72,257.794.1295,Gold,2023-02-21
7,Kathleen Sweeney,Other,68,,Silver,2023-10-22
8,Janet Grant,Other,41,832-361-5226x00499,Silver,2023-10-04
9,Joshua Clayton,Male,72,7373978001,Bronze,2021-08-26
10,Caroline Khan,Female,79,4289291754,Gold,2022-09-24
11,Heather Hill,Female,63,719.238.8997,Bronze,2022-03-30
12,Barbara White,Other,79,938-546-3162x30161,Silver,2023-12-07
13,Wesley Gallegos,Other,67,260.566.7162,Bronze,2024-10-28
14,Amy Smith,Other,55,001-721-538-2241x19469,Gold,2025-09-17
15,Kristin Robertson,Male,35,495-800-5444,Bronze,2023-09-24
16,Joseph Joseph,Female,54,8183956959,Bronze,2020-12-02
17,Michael King,Male,49,9798033272,Bronze,2021-08-30
18,Lindsay Parker,Male,40,+1-616-218-8634x2077,Bronze,2025-02-07
19,Rhonda Moss,Other,62,426.513.6254x369,Silver,2024-04-17
20,Jerry Weber,Other,78,342-944-5383x320,Bronze,2024-11-15
21,David Chavez,Female,49,(280)899-3826,Bronze,2021-11-09
22,Teresa Bryan,Female,59,684-542-0392x494,Bronze,2022-01-22
23,Ian Baker,Male,23,443-552-9145,Bronze,2023-09-23
24,Adam Smith,Male,37,(463)908-1715x74035,Bronze,2025-10-18
25,Gary Carter,Other,51,322-993-0506,,2021-11-17
26,Amy Howard,Other,39,962.485.6266x51749,Bronze,2023-03-25
27,Michelle Henderson,Female,34,001-667-620-0676x180,Silver,2023-08-03
28,Paul Leonard,Female,25,001-998-822-9608x57758,,2025-06-28
29,Scott Huber,Other,29,(617)822-4293,Silver,2023-08-21
30,Diane West,Female,64,(317)609-8936x65676,Silver,2023-03-14
31,Maria Flores,Other,36,910.498.3060x3580,Gold,2020-12-23
32,Mary Nolan,Female,32,(290)400-9868,Bronze,2024-06-07
33,Michael Howard,Other,52,+1-753-762-5792x291,Bronze,2025-03-31
34,George Smith,Male,53,343-898-2983x0415,Gold,2022-08-27
35,Mr. Mitchell Wood,Other,73,001-605-676-2538x6662,Bronze,2025-08-05
36,Victor Rice MD,Male,54,810.525.9455,Bronze,2024-02-06
37,Victor Higgins,Female,29,333-842-9062,Bronze,2021-04-04
38,Eric Dean,Female,25,892.978.1687,Bronze,2022-05-06
39,Jorge Reyes,Male,54,001-330-450-9424x065,Bronze,2024-06-28
40,Timothy Garcia DVM,Male,69,5702196732,Bronze,2023-07-15
41,Brenda Mccarthy,Male,25,+1-422-724-3244x469,Bronze,2022-06-01
42,Alyssa Freeman,Other,68,001-347-714-6659x0554,Silver,2021-10-23
43,Morgan Saunders,Female,46,582.347.8110x719,Bronze,2023-09-21
44,Mary Bailey,Other,45,768.289.6631x5684,Silver,2025-01-14
45,Alison Brown,Other,79,+1-972-715-9288,Gold,2023-08-07
46,Joshua Woods,Male,58,(851)759-3745,Silver,2025-04-11
47,Christopher Marshall,Male,33,001-455-200-5278x67639,Bronze,2022-10-07
48,Michael Watkins,Male,44,+1-454-424-0266,Silver,2021-03-11
49,Joseph Delgado,Female,20,8615490487,Silver,2023-12-22
50,Brianna Melton,Other,73,400-582-6954,Silver,2020-12-22
51,Adam Garcia,Female,68,4039066093,Silver,2023-07-04
52,David Bell,Male,45,260-467-9351x0820,Bronze,2024-07-10
53,Sara Jones,Male,76,001-606-547-8504x9298,Bronze,2022-03-04
54,Stacey Fisher,Male,28,509.953.5853,Silver,2022-12-06
55,Steven West,Other,76,001-621-984-2885x7471,Bronze,2024-10-02
56,Robert Rich,Other,37,837-932-5839,Gold,2021-09-29
57,Katherine Blankenship,Other,52,001-608-302-5734x12716,Bronze,2025-06-09
58,Abigail Krueger,Male,74,(345)576-3259,Bronze,2021-07-16
59,Danny Noble,Female,19,284.249.2840x1228,,2025-07-17
60,Michelle Nelson,Other,55,+1-289-659-6052x31406,,2024-01-04
61,Patrick Mccall,Other,70,312-919-9176x018,Bronze,2023-06-30
62,Jamie Dickerson,Male,48,729-912-0168x92209,Bronze,2023-02-22
63,Mary Williams,Female,29,+1-693-711-0887x20650,Bronze,2021-03-10
64,Tanya Miller,Female,80,694.383.0280x044,Bronze,2022-02-12
65,Trevor Levine,Female,38,+1-469-385-6537x97241,Gold,2025-10-24
66,Dr. Connie Young,Female,44,001-858-967-3107x38365,Bronze,2024-07-26
67,Jesse Wells,Female,70,780-747-9049x1624,Bronze,2024-12-31
68,Carol Holmes,Male,38,(955)781-1638x14807,Bronze,2023-04-25
69,Glenn Terry,Female,73,(258)467-2174x814,,2020-12-25
70,Marie Lloyd,Other,73,+1-441-334-0555x33313,Bronze,2023-09-12
71,Jenna Watts,Male,51,(591)542-3272x7130,Silver,2021-05-08
72,Emily Hopkins,Other,46,301-934-4658,Bronze,2021-02-06
73,John Harrison,Other,26,(406)382-9121x27652,Bronze,2022-10-25
74,Claudia Morrow,Other,49,(639)876-2315,,2023-09-22
75,Jordan Mckinney,Other,69,614-836-9603,Bronze,2022-01-06
76,Christine Johnson,Other,18,001-799-772-5714x2059,Bronze,2023-11-11
77,Devon Arroyo,Male,47,(431)285-9838x958,Silver,2025-03-07
78,Thomas Ramirez,Male,49,7058338113,Bronze,2025-01-15
79,Marie Martinez,Other,35,+1-784-310-5992x3891,Bronze,2024-09-08
80,Charles Robinson,Female,33,001-251-305-9153x6909,Bronze,2025-01-23
81,Mark Wheeler,Male,76,+1-316-986-9046x657,Silver,2022-08-18
82,Jocelyn Davis,Male,73,873.465.2761,Silver,2021-06-13
83,Robert Martinez,Female,39,(629)856-8457x5927,Silver,2023-07-08
84,Eric Elliott,Male,36,357.210.7004x15136,Gold,2025-04-27
85,Michelle Martinez,Other,60,+1-921-231-7447x6646,Bronze,2024-06-16
86,Jose Spence,Other,48,001-312-848-5176x5395,Silver,2021-12-31
87,Jacob Price,Other,42,001-348-686-2025x6057,Bronze,2022-06-02
88,Emily White,Male,80,+1-956-320-2069x5699,Silver,2024-10-01
89,Karen Gillespie,Male,72,(302)477-6554x0412,Bronze,2024-09-11
90,Dawn Davis,Other,48,423-347-7387,Gold,2024-02-25
91,Shane Smith,Female,60,737-882-5500x532,Silver,2023-02-24
92,Andrew Bell,Male,49,+1-940-410-2113x84458,Bronze,2025-02-17
93,Mark Johnson,Other,39,+1-570-806-3050x280,Gold,2021-08-17
94,Angela Ramirez,Female,24,4865221513,Bronze,2022-01-12
95,Jacob Gutierrez,Other,27,001-236-561-1293x5055,Silver,2024-08-12
96,Richard Carr,Male,22,+1-650-491-4213x02858,,2024-08-10
97,Melinda Smith,Female,57,270-941-2936,Silver,2021-05-18
98,Paul Zimmerman,Female,72,(206)877-2872x731,Silver,2022-01-29
99,Michael Williamson,Female,58,5608630777,Silver,2023-10-28
100,Stephanie Vaughn,Other,20,549-336-4388,Bronze,2024-10-27
101,Kenneth Perkins,Other,76,(613)725-3753x73822,Bronze,2022-05-18
102,Dylan Knight,Male,45,+1-531-891-6180x472,Silver,2021-01-13
103,Kimberly Miller,Other,73,5574206223,Bronze,2022-09-12
104,Melissa Parker,Female,75,,Bronze,2023-11-20
105,Christopher Salinas,Male,36,(863)425-2140,Bronze,2022-09-06
106,Christopher Pugh,Male,51,(604)721-7113,Silver,2022-12-15
107,Jeremiah Jordan,Male,28,(548)470-8562x20691,Silver,2024-07-28
108,Hector Logan,Female,57,001-861-602-1368x364,Bronze,2025-03-13
109,Justin Maldonado,Other,27,955.985.5471x460,Silver,2021-07-04
110,Brian Franklin,Female,34,+1-931-442-3633x69464,Gold,2024-05-13
111,Ronald Russell Jr.,Female,75,001-322-963-0130x490,Silver,2021-01-09
112,Elizabeth Mendez,Male,46,556-327-7881x9981,,2024-08-16
113,Christine Miller,Female,58,001-912-929-4787x811,Silver,2022-10-23
114,Nancy King,Female,72,+1-315-685-9488x1792,,2024-10-05
115,Scott Boone,Female,24,001-455-996-6417x4489,Silver,2024-11-18
116,Erika Graves,Other,36,001-943-834-3018,Bronze,2022-02-22
117,Adam Parker,Other,43,(254)384-8944,Silver,2021-10-27
118,Arthur Villarreal,Other,67,(812)446-2687x84222,Bronze,2023-06-10
119,Norman Jones,Other,65,356-726-6712x458,Gold,2023-09-24
120,Bridget Schultz,Female,67,001-861-858-8985,Silver,2023-06-20
121,Suzanne Meyers,Female,32,294-554-5232x1989,Silver,2025-07-23
122,Carla Jordan,Other,66,(543)467-2843x6152,Silver,2020-11-24
123,Matthew Weaver,Male,58,628.483.1629,Silver,2021-10-03
124,Jennifer Foster,Male,37,001-812-309-9691x2438,Bronze,2025-05-21
125,Roy Kim,Female,64,8825551914,Gold,2021-09-04
126,Justin Wallace,Female,65,431-848-4795x56308,Bronze,2024-01-11
127,Ricky Crane,Other,74,633-753-2612x7884,Silver,2021-04-28
128,Heather Herrera,Female,71,001-259-554-8338x8009,Gold,2021-07-23
129,James Hutchinson,Female,79,001-455-485-8531x762,Silver,2024-10-25
130,Sean Coffey,Female,69,(251)906-8177x23392,,2025-01-21
131,Joseph Sanchez,Male,66,995.647.7765,Gold,2024-03-23
132,Richard Atkinson,Other,61,001-732-851-8139x228,,2023-06-12
133,Timothy Coleman,Other,41,001-593-651-7604,Bronze,2022-11-20
134,Clinton Howard,Female,52,+1-603-775-8077x264,Bronze,2021-02-27
135,Alicia Rosales,Other,61,(532)755-7167x216,Bronze,2021-11-30
136,Elizabeth Foster,Other,78,(202)859-1336x20281,Silver,2021-03-12
137,Allison Gonzalez,Female,19,337.374.0004,Gold,2025-02-21
138,Patricia Franklin,Female,76,362.521.6884,Silver,2024-08-21
139,Tara Gutierrez,Other,70,+1-631-315-2372,Silver,2025-09-29
140,Brett Brown,Other,44,(800)955-8998x09080,Bronze,2023-08-12
141,William Woods,Male,37,001-682-702-4794x315,Bronze,2022-02-16
142,Jennifer Jensen,Male,74,223.824.8091,Bronze,2021-02-25
143,Mr. Dustin Taylor,Female,60,412.302.1780,Silver,2021-03-05
144,Andrea Williams,Other,44,(203)659-7980,Silver,2021-04-04
145,Patricia Mckinney,Female,59,6407733294,Bronze,2023-04-04
146,Erin Graves,Female,78,+1-357-225-6002x51063,Bronze,2024-06-24
147,Kelsey Conrad DDS,Female,31,938-549-8568,,2025-01-09
148,Christie Brown,Female,24,949.692.7732,Bronze,2025-03-16
149,Mrs. Linda Lara,Other,40,001-601-476-6552x907,Bronze,2022-06-19
150,Joel Valentine,Male,78,001-448-844-6152x51741,Bronze,2021-01-25
151,Aaron Davis,Other,31,9135314290,Silver,2021-12-28
152,Herbert Fields,Male,21,861.477.9542x67602,Bronze,2022-05-31
153,Timothy Owen,Male,68,860-495-9140,Bronze,2021-12-25
154,Katherine Griffin,Other,31,(723)687-2800x4022,Gold,2024-05-10
155,Lindsay Charles,Male,39,(977)730-1379x4907,Silver,2021-03-24
156,Dr. Matthew Carpenter II,Other,18,(818)439-0716x828,,2025-10-30
157,Anna Anderson,Male,52,3545025461,Bronze,2023-01-28
158,Tracy Wright,Other,73,,Bronze,2021-03-30
159,Kathryn Perez,Male,55,+1-798-561-7085x5890,Bronze,2022-04-23
160,Monica Russell,Male,26,738-870-2069x53222,Silver,2021-07-15
161,Bryan Frey,Other,22,983.251.7470x99422,Silver,2023-07-05
162,Richard Moore,Other,55,566.512.2836,Silver,2024-01-10
163,Justin Brown,Other,20,727-549-0961x3135,Gold,2022-09-16
164,Matthew Shaffer,Other,51,466.353.2796x22879,Silver,2022-11-21
165,Susan Bates,Male,21,427-576-8122x7937,Gold,2025-10-09
166,Sherry Johnson,Female,61,(927)745-1933,Silver,2024-06-24
167,Karla Lucas,Female,22,+1-241-637-7111x4039,Bronze,2021-09-20
168,Laura Jones,Male,22,957.997.3092x999,Silver,2023-02-22
169,Jonathan Mccoy,Other,53,(817)705-6915x261,Bronze,2023-06-14
170,Anthony King,Other,51,001-739-949-1136x56979,Silver,2024-04-04
171,Diana Harrington,Female,24,(612)472-5823x0127,Bronze,2024-11-01
172,Matthew Smith PhD,Other,59,+1-204-663-2766x60668,Silver,2024-12-24
173,Crystal Young,Male,45,637-631-4018,Bronze,2024-05-07
174,David Walker,Female,70,001-510-366-3930x457,Bronze,2025-09-30
175,Michael Garcia,Male,38,773-570-9297,Silver,2024-03-28
176,Mr. Garrett Hamilton,Female,79,319.286.6790x25925,Gold,2022-07-14
177,Christian Perkins,Male,23,001-425-624-3832x8070,Bronze,2023-09-27
178,Micheal Osborn,Male,65,3112426460,Gold,2024-04-12
179,Nathan Rosario,Other,21,001-996-936-9944x7627,Silver,2024-03-24
180,William Dixon,Female,60,+1-478-218-3562x283,Bronze,2024-05-28
181,Alicia Rodriguez,Other,78,(552)841-6927x65541,Gold,2025-09-07
182,David Scott,Other,21,826.491.6586,Silver,2022-10-29
183,Ronald Hopkins,Female,24,(603)477-8447x87581,Bronze,2024-05-29
184,Erin Carlson,Other,48,449-932-2574x850,Bronze,2020-12-10
185,Emily Smith,Other,41,803.222.9077,Bronze,2023-03-12
186,Rebecca Allen,Male,69,583.679.5978x101,Silver,2022-08-02
187,Gregory Jones,Other,57,(274)812-1900,Silver,2023-11-14
188,Karen Rice,Other,77,903-913-8063,Silver,2024-10-13
189,Benjamin Simmons,Male,29,001-973-528-3735,Silver,2024-06-13
190,Jonathan Adams,Female,40,,Gold,2024-10-28
191,Emily Thomas,Other,60,+1-645-439-0697x0761,Bronze,2023-04-02
192,Samantha Gilmore,Other,80,,Silver,2024-10-26
193,Thomas Potter,Male,42,918-947-4069,Bronze,2021-01-11
194,Keith Bright,Female,37,+1-524-454-4492x3663,Silver,2021-05-22
195,Dr. Joseph Keller,Other,56,001-601-894-5773x05390,Bronze,2023-12-09
196,Michael Moore,Male,66,(978)229-2466,Silver,2022-02-06
197,Katherine Chen,Female,46,+1-367-348-7296x19708,Bronze,2023-04-26
198,James Logan,Female,44,891-608-6782,Silver,2022-04-26
199,David Hall,Male,40,001-390-655-7968x0495,Bronze,2023-11-10
200,Paul Jimenez,Other,55,483.506.3748x235,Silver,2023-11-20
201,Ronald Robinson,Male,32,001-643-753-1088x0564,Silver,2025-06-12
202,Stephanie Roberts,Male,31,+1-323-856-4349x65426,Bronze,2023-02-28
203,Joseph Gonzales,Male,66,001-905-860-7500,Bronze,2025-09-29
204,Michael Manning,Male,49,6822169366,Bronze,2022-10-21
205,Wayne Cabrera,Female,52,(594)356-8219x6847,Silver,2025-11-14
206,Megan Gonzalez,Other,69,+1-804-760-0974x7257,Bronze,2021-09-26
207,Jasmine Wang,Other,20,(537)869-3774x913,Bronze,2022-05-06
208,Christian Fields,Male,73,+1-281-241-1308x424,Bronze,2020-11-18
209,Riley Roberson,Female,63,469.599.7197x264,Bronze,2022-02-19
210,Amy Adams,Female,19,(222)320-4083x81873,Bronze,2023-09-09
211,David Riley,Other,47,+1-754-625-5941x20992,Gold,2023-06-20
212,Travis Barr,Male,45,566.675.4614x5003,Bronze,2025-01-03
213,Meghan Horn,Other,43,+1-602-675-5175x0048,Bronze,2024-11-19
214,Michael Gomez,Female,65,+1-750-619-2427,Bronze,2021-04-21
215,Daniel Merritt,Male,22,6733494680,Bronze,2023-03-29
216,Hannah Peters,Other,30,+1-385-519-8297x4670,Bronze,2024-10-14
217,Samantha Grant,Other,79,+1-864-344-6875x7381,Gold,2022-06-17
218,Jennifer Thomas,Male,24,001-266-793-7784x9959,Bronze,2023-02-03
219,Matthew Davis,Other,27,(798)248-8978x1666,Silver,2022-01-06
220,Jacob Smith,Male,78,(326)347-4354,Bronze,2022-10-09
221,Robert Young,Other,66,912-767-5038x9265,Silver,2022-03-28
222,Adam Jensen,Other,59,229-448-6291x20135,Silver,2024-12-09
223,Harold Phillips,Other,38,4666753682,Bronze,2020-12-25
224,David Prince,Female,58,976-223-1635x49443,Bronze,2021-11-05
225,Jason Vincent,Male,40,+1-991-533-1729x62025,Bronze,2025-05-19
226,Samantha Delacruz,Female,20,(686)931-6617,Gold,2024-12-11
227,Sean Mcdaniel,Male,59,+1-278-428-3285x46334,Gold,2023-04-08
228,Joseph Webb,Other,56,(316)349-7795,Bronze,2021-10-22
229,Julie Rodriguez,Other,79,(965)735-9852,Gold,2024-09-18
230,Kristina Clark,Female,76,001-650-737-8586x71678,Silver,2023-10-15
231,Jill Moore,Female,56,511.524.2037x6870,Bronze,2022-05-15
232,John Mercer,Male,46,(872)360-4896,Gold,2022-11-22
233,Jared Jackson,Female,80,746-690-6789,Silver,2024-12-24
234,James Stone,Male,20,204.371.3007,Bronze,2021-01-06
235,Mark Lawson,Female,51,+1-569-906-3400x477,Bronze,2023-08-01
236,Douglas Hayes,Female,76,7883994893,Bronze,2023-12-11
237,Nichole Livingston,Female,61,755.238.3194,Silver,2025-08-12
238,Luis Burton,Other,39,(482)512-1307x2186,Bronze,2025-07-31
239,Carlos Cole,Other,42,001-535-504-8629x283,Silver,2021-12-27
240,Angela Stevens,Other,79,(358)372-7998x0641,Gold,2022-10-05
241,Connie Lewis,Female,23,(500)989-7414x9379,Bronze,2024-07-01
242,Heidi Taylor,Female,37,355.209.0469,Silver,2025-01-26
243,Curtis Hernandez,Female,26,+1-325-467-0354x6508,Gold,2023-11-06
244,Ashley Freeman,Female,53,+1-355-938-8622,Silver,2024-02-03
245,Alexandra Hill,Male,60,+1-440-584-4708x11191,Gold,2021-12-27
246,Mario Thomas,Other,76,001-493-476-5888x6168,Silver,2022-05-24
247,Kent Hall,Female,50,001-937-379-5062x1839,Bronze,2021-06-14
248,Holly Rodriguez,Male,78,(698)367-3185,Gold,2020-11-23
249,Kerri Mckenzie,Female,30,908-877-2204x139,Bronze,2022-11-12
250,Eric Abbott,Male,36,663-978-7584,Bronze,2024-08-28
251,Jessica Duke,Other,71,698.976.5018x202,Silver,2025-09-19
252,Christine Salazar,Other,39,939-979-3656x206,Silver,2022-03-04
253,Patricia Hoover,Other,42,446-499-1833x704,Bronze,2021-09-05
254,Brent Mcclure,Other,67,001-939-658-4764x09224,Gold,2022-06-21
255,Jody Carroll,Other,46,,Bronze,2023-10-13
256,Amy Underwood,Other,33,945-704-8243,Silver,2025-11-14
257,Bethany Walters,Other,68,480.756.8565,Silver,2025-01-27
258,Anthony Larson,Female,79,4323387633,Bronze,2022-01-22
259,Jordan Park,Male,41,+1-370-920-4560x74264,Silver,2023-04-20
260,Lindsey Harris,Female,47,(262)811-6241x4006,Silver,2022-04-25
261,Natasha Wall,Other,51,(737)920-7801,Bronze,2021-09-25
262,Brittney Morton,Male,69,(684)739-9917x861,Gold,2021-05-16
263,Amanda Morgan,Male,59,(553)458-0502x3535,Bronze,2022-05-31
264,Donna Patrick,Male,63,001-303-776-5381x557,Gold,2021-04-10
265,Kara Brewer,Female,23,001-373-257-3813x17024,Bronze,2023-08-15
266,Thomas Roy,Other,27,863.881.1608,Bronze,2022-09-05
267,Andre Snyder,Male,70,(383)250-2838x143,Bronze,2025-08-04
268,Sheila Hopkins,Male,44,+1-898-288-6890x84685,Silver,2021-08-08
269,Jamie Houston,Male,42,651.803.8986,Bronze,2022-05-03
270,Amanda Brown,Male,38,640.467.5764x813,Gold,2022-08-02
271,Joshua Gonzalez,Other,39,694-405-6010,Bronze,2022-12-25
272,Samantha Clay,Female,76,+1-933-813-3496x431,Silver,2022-06-20
273,Amber Williamson,Male,66,618.740.7628,Bronze,2023-02-17
274,Eric Bishop,Male,75,7675786858,Bronze,2021-02-26
275,Amanda Harris,Male,53,9477386381,Silver,2021-10-03
276,Danny Stevenson,Female,25,001-409-949-1808x96776,Bronze,2023-01-09
277,Michelle Navarro,Male,21,543-314-9479,Silver,2023-05-06
278,Kimberly Flynn,Other,47,+1-681-789-1996x89804,Gold,2020-11-27
279,Chase Thompson,Female,56,947-440-2572x429,Silver,2023-06-03
280,David Dean,Other,33,4722380668,Bronze,2024-02-21
281,Daniel Johnson,Male,57,998.384.6623,Silver,2025-08-27
282,Deborah Anthony,Male,60,966.311.6354x6049,Silver,2024-08-04
283,Joan Graham,Female,22,+1-800-376-8215x982,Silver,2022-10-13
284,James Wilcox,Other,53,,Gold,2024-01-30
285,Christopher Montgomery,Male,58,431.860.1463x37392,Bronze,2025-10-24
286,Jennifer Walls,Other,19,911-797-7509x01684,Bronze,2025-08-22
287,Joy Beasley,Male,64,001-247-942-6448x159,Bronze,2025-03-22
288,Karl Hensley,Other,65,+1-451-565-2490x1343,Bronze,2021-10-08
289,Kathryn Smith,Female,52,737.765.6260x5292,Silver,2024-09-25
290,Ashley Allen,Other,47,9328094608,Bronze,2021-07-11
291,Theresa Turner,Male,69,001-476-647-4237x549,Silver,2020-12-13
292,Mr. John Evans MD,Female,20,+1-743-910-5325x208,Bronze,2022-06-29
293,Jessica Haynes,Male,74,,Gold,2025-06-23
294,Aaron Burgess,Other,43,945-857-3853x068,Silver,2022-03-06
295,Stephanie Zavala,Female,20,210.273.7412x24718,Bronze,2025-01-18
296,Angela Harris,Female,73,+1-882-549-5658x563,Gold,2021-10-24
297,Brett Owens,Female,35,001-985-980-7840x895,Bronze,2024-06-10
298,Dillon Vasquez,Female,65,804-375-1270x293,,2023-07-26
299,Tina Rogers,Female,80,(723)448-4713x06974,Silver,2022-09-08
300,Ashley Johnson,Female,77,+1-797-462-9051x5357,Bronze,2022-05-27
301,Jennifer Rivers,Male,64,+1-884-892-1365,Bronze,2021-10-28
302,John Rivera,Male,52,(373)696-4106x45578,Bronze,2025-03-14
303,Lauren Craig,Female,60,+1-547-388-7349,Bronze,2024-07-18
304,Derrick Wade,Other,45,001-297-376-2389,Bronze,2025-11-09
305,Theresa Wilson,Female,20,844.646.8033x2835,Gold,2022-05-05
306,Scott Ward,Other,45,4049584452,,2022-08-16
307,Nicole Johnson,Male,22,001-501-786-0423x906,Bronze,2023-02-06
308,William Mayer,Other,69,456.529.3752x463,Bronze,2021-07-31
309,Patrick Mcintyre,Male,27,+1-835-279-6881,Silver,2023-08-12
310,Mario Porter,Female,20,+1-368-887-3813x28588,Bronze,2021-01-07
311,Joanne Bishop,Other,41,+1-274-949-5872,Gold,2024-07-02
312,Ashley Steele,Male,56,884.816.0370x396,Bronze,2021-01-14
313,Meghan Patton,Female,41,(937)225-6974x74874,Bronze,2022-10-02
314,Bethany Chapman,Male,51,+1-304-333-5836x1887,Bronze,2024-10-31
315,Ana Hunt,Female,33,001-723-411-8323x8596,Bronze,2024-11-09
316,Ana Strickland,Male,49,(369)325-2134x8453,Gold,2025-03-26
317,Tara Solomon,Male,34,6023679165,Silver,2025-04-19
318,James Martinez,Male,57,507-891-6289,Gold,2023-03-11
319,Tamara Combs,Female,30,2653225070,Gold,2024-04-04
320,Allison Wilson,Female,29,854.704.6327,Bronze,2025-01-11
321,Anthony Estrada,Male,69,954-926-1703x4137,Gold,2021-05-27
322,Brandon Donovan,Female,60,717.618.4869x300,Bronze,2021-09-01
323,Steven Erickson,Other,36,683-770-8998,Gold,2023-12-01
324,Kelly Becker,Other,63,001-897-832-2718x76125,Silver,2023-04-27
325,Jennifer Love,Female,50,(798)800-8413x5386,,2025-05-31
326,Jose Delgado,Male,33,(260)966-5352x8653,Bronze,2025-08-18
327,Nina Ruiz,Other,54,(517)451-0625x735,Gold,2024-02-11
328,Christie Harris,Other,26,261-919-6414,Bronze,2021-02-18
329,Phillip Young,Female,43,550.911.1655x40563,Silver,2025-02-10
330,Valerie Nichols,Other,44,(703)541-1800x863,Gold,2021-01-20
331,Connie Cantrell,Male,26,+1-448-423-6647,Silver,2023-03-10
332,Mark Herman,Female,47,+1-680-875-1841x71964,Bronze,2023-11-14
333,Sarah Sanchez,Other,58,(782)357-6401,Silver,2022-03-04
334,Steven Smith,Male,45,6048922584,Gold,2023-12-11
335,Randall Johns,Male,51,269-360-3699x668,Bronze,2022-07-19
336,Amanda Oneal,Female,77,(297)418-2197,Bronze,2023-08-25
337,Angel Daniel,Other,75,001-479-622-3537x1230,Bronze,2021-09-03
338,Anthony Prince,Male,58,9744883442,Bronze,2023-09-02
339,Kelsey Jarvis,Other,37,(327)380-1763x824,Bronze,2024-02-01
340,Jeffrey Davis,Other,28,+1-448-289-4469x551,Silver,2021-12-24
341,Christopher Morrison,Male,60,340-477-3832,Gold,2022-08-06
342,Jessica Hammond,Female,71,537-995-9253x0720,Bronze,2023-07-15
343,Christopher James,Male,23,,Silver,2024-07-12
344,Catherine Bentley,Other,34,386.599.3625,Silver,2022-05-11
345,Ann Henry,Female,57,+1-234-594-6970,Bronze,2021-04-10
346,Haley Jones,Other,52,3119800749,,2023-02-09
347,Belinda King,Female,33,001-353-582-3535x48431,Silver,2024-10-18
348,Juan Foster,Female,47,+1-863-999-5905,Bronze,2024-04-11
349,Grant Jones,Female,44,494-700-5386x72288,Bronze,2020-11-23
350,Kimberly Griffin,Other,27,001-780-714-1660,Silver,2022-12-11
351,Tanya Garcia,Other,73,293-919-5874x8854,Bronze,2021-07-30
352,Robert Rodriguez,Female,50,757-856-8914x10697,Bronze,2024-07-11
353,Stephen Young,Female,25,001-907-393-6457,Bronze,2021-09-28
354,Stephanie Miller,Male,21,448-528-1688x4196,Bronze,2023-06-10
355,Charles Johnson,Other,44,5053705389,Gold,2020-11-28
356,Thomas Hartman,Male,70,+1-408-236-7112x5517,Silver,2021-09-12
357,Scott Mclaughlin,Female,30,001-758-499-0209x767,Bronze,2024-11-17
358,James Hall,Other,47,001-607-724-6884x2853,Bronze,2021-12-19
359,Andrew Morgan,Male,23,267.514.2141x77925,Silver,2021-10-20
360,Derek Gray,Male,31,(680)730-6837,Bronze,2024-07-12
361,Matthew Fisher,Female,49,001-341-430-4644,Gold,2025-02-14
362,Nancy Morris,Other,48,001-206-662-3292x8486,Bronze,2021-05-03
363,Todd Murphy,Male,45,946.606.7732,Bronze,2021-11-26
364,Katie Riley,Female,66,+1-590-426-7246x60792,Bronze,2022-11-04
365,Laura Meadows,Male,54,427.252.7960x968,Bronze,2023-12-10
366,Lori Jimenez,Female,22,855.335.9619x00546,Bronze,2025-11-16
367,Erin Butler,Other,35,861-451-9403x5542,Silver,2024-03-11
368,Joseph Castro,Other,25,+1-949-884-1618x0978,Bronze,2024-11-13
369,Amy Phelps,Female,68,+1-569-202-0232x931,Silver,2025-11-16
370,Dana Benjamin,Female,66,571.334.2623x0561,Silver,2023-03-18
371,Angel Wang,Female,50,,Bronze,2020-11-28
372,Valerie Obrien,Other,39,311.213.8963x40445,Silver,2025-11-01
373,Johnathan Nichols,Male,56,972-279-6609x4523,Bronze,2021-12-03
374,Jessica Jones,Other,38,817.220.3727x44509,,2021-05-26
375,Linda Werner,Other,71,+1-568-918-5181x1625,Bronze,2022-10-01
376,Laura Nash,Other,52,783.301.1690x0907,Silver,2022-02-24
377,Michele Berry,Female,70,,Bronze,2023-09-12
378,Diana Cantrell,Male,80,(605)709-0467,Bronze,2025-10-22
379,Ryan Dean,Other,73,417-685-6517,Bronze,2024-03-04
380,Victor Lopez,Female,34,+1-714-549-8794,Silver,2023-09-08
381,Jacob Hughes,Other,54,(283)929-0810x0942,Bronze,2023-06-10
382,Alexis Stewart,Female,28,(903)446-6306,Silver,2025-07-22
383,Rebecca Wells,Female,27,219.571.7070x91865,Bronze,2022-06-02
384,Jonathan Harrington,Other,78,469-742-7432x63374,Bronze,2023-01-31
385,Christopher Phillips,Female,38,288-253-0213x84174,Bronze,2025-01-13
386,Kim Molina,Male,44,001-596-539-2770x745,Silver,2021-01-19
387,Katelyn Lee,Female,73,555-352-2772,Silver,2024-06-25
388,Kristen Bell,Other,26,786-780-3484x6623,Silver,2022-01-16
389,Monica Mack,Other,48,5842450675,Bronze,2020-12-09
390,Emily Phillips DDS,Male,47,624.251.3757x1396,Bronze,2022-08-14
391,Gabriel Hicks,Female,61,001-759-681-5197,Silver,2024-11-27
392,Denise Bartlett,Other,69,566.521.5452,Silver,2022-04-29
393,James Jones,Male,79,407.413.6608x824,Silver,2024-10-12
394,Edward Williams,Male,78,001-232-715-4365x703,Bronze,2021-05-22
395,Felicia Jones,Female,63,(748)761-1435x163,Silver,2021-03-21
396,Carla Rodriguez,Female,48,625.985.1802,Gold,2022-11-20
397,Edward Hicks,Other,35,953.953.4147x787,Silver,2021-09-25
398,Keith Hernandez,Other,42,919.731.2838x14929,Bronze,2022-02-01
399,Holly Moore,Female,79,001-835-573-0742x4531,Bronze,2022-05-10
400,Mark James,Male,36,801-607-1442x4924,Bronze,2021-04-14
